NAME,LATITUDE,LONGITUDE,ELEVATION,DATE,AWND,AWND_ATTRIBUTES,PGTM,PGTM_ATTRIBUTES,PRCP,PRCP_ATTRIBUTES,SNOW,SNOW_ATTRIBUTES,SNWD,SNWD_ATTRIBUTES,TAVG,TAVG_ATTRIBUTES,TMAX,TMAX_ATTRIBUTES,TMIN,TMIN_ATTRIBUTES,TSUN,TSUN_ATTRIBUTES,WDF2,WDF2_ATTRIBUTES,WDF5,WDF5_ATTRIBUTES,WSF2,WSF2_ATTRIBUTES,WSF5,WSF5_ATTRIBUTES,WT01,WT01_ATTRIBUTES,WT02,WT02_ATTRIBUTES,WT03,WT03_ATTRIBUTES,WT04,WT04_ATTRIBUTES,WT06,WT06_ATTRIBUTES,WT08,WT08_ATTRIBUTES
"NY CITY CENTRAL PARK, NY US",40.77898,-73.96925,42.7,2019-01-01,,,,,0.06,",,W,2400",0.0,",,W,2400",0.0,",,W,2400",,,58,",,W",39,",,W",,,,,,,,,,,1,",,W",,,,,,,,,,
"NY CITY CENTRAL PARK, NY US",40.77898,-73.96925,42.7,2019-01-02,,,,,0.00,",,W,2400",0.0,",,W,2400",0.0,",,W,2400",,,40,",,W",35,",,W",,,,,,,,,,,,,,,,,,,,,,
"NY CITY CENTRAL PARK, NY US",40.77898,-73.96925,42.7,2019-01-03,,,,,0.00,",,W,2400",0.0,",,W,2400",0.0,",,W,2400",,,44,",,W",37,",,W",,,,,,,,,,,,,,,,,,,,,,
"NY CITY CENTRAL PARK, NY US",40.77898,-73.96925,42.7,2019-01-04,,,,,0.00,",,W,2400",0.0,",,W,2400",0.0,",,W,2400",,,47,",,W",35,",,W",,,,,,,,,,,,,,,,,,,,,,
"NY CITY CENTRAL PARK, NY US",40.77898,-73.96925,42.7,2019-01-05,,,,,0.50,",,W,2400",0.0,",,W,2400",0.0,",,W,2400",,,47,",,W",41,",,W",,,,,,,,,,,1,",,W",,,,,,,,,,
"NY CITY CENTRAL PARK, NY US",40.77898,-73.96925,42.7,2019-01-06,,,,,0.00,"T,,W,2400",0.0,",,W,2400",0.0,",,W,2400",,,49,",,W",31,",,W",,,,,,,,,,,,,,,,,,,,,,
"NY CITY CENTRAL PARK, NY US",40.77898,-73.96925,42.7,2019-01-07,,,,,0.00,",,W,2400",0.0,",,W,2400",0.0,",,W,2400",,,34,",,W",25,",,W",,,,,,,,,,,,,,,,,,,,,,
"NY CITY CENTRAL PARK, NY US",40.77898,-73.96925,42.7,2019-01-08,,,,,0.17,",,W,2400",0.0,"T,,W,2400",0.0,",,W,2400",,,45,",,W",34,",,W",,,,,,,,,,,1,",,W",,,,,,,,,,
"NY CITY CENTRAL PARK, NY US",40.77898,-73.96925,42.7,2019-01-09,,,,,0.06,",,W,2400",0.0,",,W,2400",0.0,",,W,2400",,,45,",,W",34,",,W",,,,,,,,,,,1,",,W",,,,,,,,,,
"NY CITY CENTRAL PARK, NY US",40.77898,-73.96925,42.7,2019-01-10,,,,,0.00,",,W,2400",0.0,",,W,2400",0.0,",,W,2400",,,34,",,W",28,",,W",,,,,,,,,,,,,,,,,,,,,,
"NY CITY CENTRAL PARK, NY US",40.77898,-73.96925,42.7,2019-01-11,,,,,0.00,",,W,2400",0.0,",,W,2400",0.0,",,W,2400",,,30,",,W",21,",,W",,,,,,,,,,,,,,,,,,,,,,
"NY CITY CENTRAL PARK, NY US",40.77898,-73.96925,42.7,2019-01-12,,,,,0.00,",,W,2400",0.0,",,W,2400",0.0,",,W,2400",,,34,",,W",20,",,W",,,,,,,,,,,,,,,,,,,,,,
"NY CITY CENTRAL PARK, NY US",40.77898,-73.96925,42.7,2019-01-13,,,,,0.00,"T,,W,2400",0.0,"T,,W,2400",0.0,",,W,2400",,,33,",,W",25,",,W",,,,,,,,,,,,,,,,,,,,,,
"NY CITY CENTRAL PARK, NY US",40.77898,-73.96925,42.7,2019-01-14,,,,,0.00,",,W,2400",0.0,",,W,2400",0.0,",,W,2400",,,32,",,W",22,",,W",,,,,,,,,,,,,,,,,,,,,,
"NY CITY CENTRAL PARK, NY US",40.77898,-73.96925,42.7,2019-01-15,,,,,0.00,",,W,2400",0.0,",,W,2400",0.0,",,W,2400",,,36,",,W",25,",,W",,,,,,,,,,,,,,,,,,,,,,
"NY CITY CENTRAL PARK, NY US",40.77898,-73.96925,42.7,2019-01-16,,,,,0.00,",,W,2400",0.0,",,W,2400",0.0,",,W,2400",,,39,",,W",30,",,W",,,,,,,,,,,,,,,,,,,,,1,",,W"
"NY CITY CENTRAL PARK, NY US",40.77898,-73.96925,42.7,2019-01-17,,,,,0.00,",,W,2400",0.0,",,W,2400",0.0,",,W,2400",,,33,",,W",24,",,W",,,,,,,,,,,,,,,,,,,,,,
"NY CITY CENTRAL PARK, NY US",40.77898,-73.96925,42.7,2019-01-18,,,,,0.05,",,W,2400",0.5,",,W,2400",1.2,",,W,2400",,,39,",,W",29,",,W",,,,,,,,,,,1,",,W",,,,,,,,,1,",,W"
"NY CITY CENTRAL PARK, NY US",40.77898,-73.96925,42.7,2019-01-19,,,,,0.29,",,W,2400",0.2,",,W,2400",0.0,",,W,2400",,,37,",,W",32,",,W",,,,,,,,,,,1,",,W",,,,,,,,,,
"NY CITY CENTRAL PARK, NY US",40.77898,-73.96925,42.7,2019-01-20,,,,,0.88,",,W,2400",0.0,",,W,2400",0.0,",,W,2400",,,42,",,W",14,",,W",,,,,,,,,,,1,",,W",,,,,,,,,,
"NY CITY CENTRAL PARK, NY US",40.77898,-73.96925,42.7,2019-01-21,,,,,0.00,",,W,2400",0.0,",,W,2400",0.0,",,W,2400",,,14,",,W",4,",,W",,,,,,,,,,,,,,,,,,,,,,
"NY CITY CENTRAL PARK, NY US",40.77898,-73.96925,42.7,2019-01-22,,,,,0.00,",,W,2400",0.0,",,W,2400",0.0,",,W,2400",,,31,",,W",13,",,W",,,,,,,,,,,,,,,,,,,,,,
"NY CITY CENTRAL PARK, NY US",40.77898,-73.96925,42.7,2019-01-23,,,,,0.00,"T,,W,2400",0.0,",,W,2400",0.0,",,W,2400",,,52,",,W",31,",,W",,,,,,,,,,,,,,,,,,,,,,
"NY CITY CENTRAL PARK, NY US",40.77898,-73.96925,42.7,2019-01-24,,,,,1.33,",,W,2400",0.0,",,W,2400",0.0,",,W,2400",,,59,",,W",35,",,W",,,,,,,,,,,1,",,W",,,,,,,,,,
"NY CITY CENTRAL PARK, NY US",40.77898,-73.96925,42.7,2019-01-25,,,,,0.00,",,W,2400",0.0,",,W,2400",0.0,",,W,2400",,,40,",,W",28,",,W",,,,,,,,,,,,,,,,,,,,,,
"NY CITY CENTRAL PARK, NY US",40.77898,-73.96925,42.7,2019-01-26,,,,,0.00,",,W,2400",0.0,",,W,2400",0.0,",,W,2400",,,35,",,W",24,",,W",,,,,,,,,,,,,,,,,,,,,,
"NY CITY CENTRAL PARK, NY US",40.77898,-73.96925,42.7,2019-01-27,,,,,0.00,",,W,2400",0.0,",,W,2400",0.0,",,W,2400",,,49,",,W",32,",,W",,,,,,,,,,,,,,,,,,,,,,
"NY CITY CENTRAL PARK, NY US",40.77898,-73.96925,42.7,2019-01-28,,,,,0.00,",,W,2400",0.0,",,W,2400",0.0,",,W,2400",,,38,",,W",25,",,W",,,,,,,,,,,,,,,,,,,,,,
"NY CITY CENTRAL PARK, NY US",40.77898,-73.96925,42.7,2019-01-29,,,,,0.23,",,W,2400",0.0,"T,,W,2400",0.0,",,W,2400",,,43,",,W",25,",,W",,,,,,,,,,,1,",,W",,,,,,,,,,
"NY CITY CENTRAL PARK, NY US",40.77898,-73.96925,42.7,2019-01-30,,,,,0.01,",,W,2400",0.4,",,W,2400",0.0,",,W,2400",,,35,",,W",6,",,W",,,,,,,,,,,1,",,W",,,,,,,,,,
"NY CITY CENTRAL PARK, NY US",40.77898,-73.96925,42.7,2019-01-31,,,,,0.00,",,W,2400",0.0,",,W,2400",0.0,",,W,2400",,,16,",,W",2,",,W",,,,,,,,,,,,,,,,,,,,,,
"NY CITY CENTRAL PARK, NY US",40.77898,-73.96925,42.7,2019-02-01,,,,,0.00,",,W,2400",0.0,",,W,2400",0.0,",,W,2400",,,21,",,W",11,",,W",,,,,,,,,,,,,,,,,,,,,,
"NY CITY CENTRAL PARK, NY US",40.77898,-73.96925,42.7,2019-02-02,,,,,0.00,",,W,2400",0.0,",,W,2400",0.0,",,W,2400",,,34,",,W",16,",,W",,,,,,,,,,,,,,,,,,,,,,
"NY CITY CENTRAL PARK, NY US",40.77898,-73.96925,42.7,2019-02-03,,,,,0.00,",,W,2400",0.0,",,W,2400",0.0,",,W,2400",,,53,",,W",33,",,W",,,,,,,,,,,,,,,,,,,,,1,",,W"
"NY CITY CENTRAL PARK, NY US",40.77898,-73.96925,42.7,2019-02-04,,,,,0.00,",,W,2400",0.0,",,W,2400",0.0,",,W,2400",,,61,",,W",41,",,W",,,,,,,,,,,,,,,,,,,,,,
"NY CITY CENTRAL PARK, NY US",40.77898,-73.96925,42.7,2019-02-05,,,,,0.00,",,W,2400",0.0,",,W,2400",0.0,",,W,2400",,,65,",,W",44,",,W",,,,,,,,,,,,,,,,,,,,,,
"NY CITY CENTRAL PARK, NY US",40.77898,-73.96925,42.7,2019-02-06,,,,,0.45,",,W,2400",0.0,",,W,2400",0.0,",,W,2400",,,46,",,W",35,",,W",,,,,,,,,,,1,",,W",,,,,,,,,,
"NY CITY CENTRAL PARK, NY US",40.77898,-73.96925,42.7,2019-02-07,,,,,0.07,",,W,2400",0.0,",,W,2400",0.0,",,W,2400",,,44,",,W",39,",,W",,,,,,,,,,,1,",,W",,,,,,,,,,
"NY CITY CENTRAL PARK, NY US",40.77898,-73.96925,42.7,2019-02-08,,,,,0.37,",,W,2400",0.0,",,W,2400",0.0,",,W,2400",,,55,",,W",32,",,W",,,,,,,,,,,1,",,W",,,,,,,,,,
"NY CITY CENTRAL PARK, NY US",40.77898,-73.96925,42.7,2019-02-09,,,,,0.00,",,W,2400",0.0,",,W,2400",0.0,",,W,2400",,,32,",,W",23,",,W",,,,,,,,,,,,,,,,,,,,,,
"NY CITY CENTRAL PARK, NY US",40.77898,-73.96925,42.7,2019-02-10,,,,,0.00,",,W,2400",0.0,",,W,2400",0.0,",,W,2400",,,35,",,W",23,",,W",,,,,,,,,,,,,,,,,,,,,,
"NY CITY CENTRAL PARK, NY US",40.77898,-73.96925,42.7,2019-02-11,,,,,0.00,"T,,W,2400",0.0,"T,,W,2400",0.0,",,W,2400",,,38,",,W",30,",,W",,,,,,,,,,,,,,,,,,,,,,
"NY CITY CENTRAL PARK, NY US",40.77898,-73.96925,42.7,2019-02-12,,,,,0.75,",,W,2400",1.2,",,W,2400",0.0,",,W,2400",,,36,",,W",26,",,W",,,,,,,,,,,1,",,W",,,,,,,1,",,W",,
"NY CITY CENTRAL PARK, NY US",40.77898,-73.96925,42.7,2019-02-13,,,,,0.08,",,W,2400",0.0,"T,,W,2400",1.2,",,W,2400",,,41,",,W",33,",,W",,,,,,,,,,,1,",,W",,,,,,,,,,
"NY CITY CENTRAL PARK, NY US",40.77898,-73.96925,42.7,2019-02-14,,,,,0.00,"T,,W,2400",0.0,"T,,W,2400",0.0,",,W,2400",,,46,",,W",33,",,W",,,,,,,,,,,,,,,,,,,,,,
"NY CITY CENTRAL PARK, NY US",40.77898,-73.96925,42.7,2019-02-15,,,,,0.00,",,W,2400",0.0,",,W,2400",0.0,",,W,2400",,,59,",,W",42,",,W",,,,,,,,,,,,,,,,,,,,,,
"NY CITY CENTRAL PARK, NY US",40.77898,-73.96925,42.7,2019-02-16,,,,,0.00,",,W,2400",0.0,",,W,2400",0.0,",,W,2400",,,47,",,W",32,",,W",,,,,,,,,,,,,,,,,,,,,,
"NY CITY CENTRAL PARK, NY US",40.77898,-73.96925,42.7,2019-02-17,,,,,0.04,",,W,2400",0.0,",,W,2400",0.0,",,W,2400",,,38,",,W",26,",,W",,,,,,,,,,,1,",,W",,,,,,,,,,
"NY CITY CENTRAL PARK, NY US",40.77898,-73.96925,42.7,2019-02-18,,,,,0.09,",,W,2400",0.0,",,W,2400",0.0,",,W,2400",,,42,",,W",26,",,W",,,,,,,,,,,1,",,W",,,,,,,,,,
"NY CITY CENTRAL PARK, NY US",40.77898,-73.96925,42.7,2019-02-19,,,,,0.00,",,W,2400",0.0,",,W,2400",0.0,",,W,2400",,,36,",,W",23,",,W",,,,,,,,,,,,,,,,,,,,,,
"NY CITY CENTRAL PARK, NY US",40.77898,-73.96925,42.7,2019-02-20,,,,,0.57,",,W,2400",1.3,",,W,2400",0.0,",,W,2400",,,33,",,W",26,",,W",,,,,,,,,,,1,",,W",1,",,W",,,,,1,",,W",,
"NY CITY CENTRAL PARK, NY US",40.77898,-73.96925,42.7,2019-02-21,,,,,0.10,",,W,2400",0.0,",,W,2400",1.2,",,W,2400",,,52,",,W",33,",,W",,,,,,,,,,,1,",,W",,,,,,,1,",,W",,
"NY CITY CENTRAL PARK, NY US",40.77898,-73.96925,42.7,2019-02-22,,,,,0.00,",,W,2400",0.0,",,W,2400",0.0,",,W,2400",,,44,",,W",36,",,W",,,,,,,,,,,,,,,,,,,,,,
"NY CITY CENTRAL PARK, NY US",40.77898,-73.96925,42.7,2019-02-23,,,,,0.01,",,W,2400",0.0,",,W,2400",0.0,",,W,2400",,,42,",,W",32,",,W",,,,,,,,,,,1,",,W",,,,,,,,,,
"NY CITY CENTRAL PARK, NY US",40.77898,-73.96925,42.7,2019-02-24,,,,,0.58,",,W,2400",0.0,",,W,2400",0.0,",,W,2400",,,47,",,W",36,",,W",,,,,,,,,,,1,",,W",,,,,,,,,,
"NY CITY CENTRAL PARK, NY US",40.77898,-73.96925,42.7,2019-02-25,,,,,0.00,"T,,W,2400",0.0,",,W,2400",0.0,",,W,2400",,,43,",,W",28,",,W",,,,,,,,,,,,,,,,,,,,,,
"NY CITY CENTRAL PARK, NY US",40.77898,-73.96925,42.7,2019-02-26,,,,,0.00,",,W,2400",0.0,",,W,2400",0.0,",,W,2400",,,36,",,W",25,",,W",,,,,,,,,,,,,,,,,,,,,,
"NY CITY CENTRAL PARK, NY US",40.77898,-73.96925,42.7,2019-02-27,,,,,0.00,"T,,W,2400",0.0,"T,,W,2400",0.0,",,W,2400",,,31,",,W",23,",,W",,,,,,,,,,,,,,,,,,,,,,
"NY CITY CENTRAL PARK, NY US",40.77898,-73.96925,42.7,2019-02-28,,,,,0.03,",,W,2400",0.1,",,W,2400",0.0,"T,,W,2400",,,37,",,W",27,",,W",,,,,,,,,,,1,",,W",,,,,,,,,,
"NY CITY CENTRAL PARK, NY US",40.77898,-73.96925,42.7,2019-03-01,,,,,0.11,",,W,2400",1.4,",,W,2400",1.2,",,W,2400",,,35,",,W",26,",,W",,,,,,,,,,,1,",,W",1,",,W",,,,,,,1,",,W"
"NY CITY CENTRAL PARK, NY US",40.77898,-73.96925,42.7,2019-03-02,,,,,0.53,",,W,2400",4.0,",,W,2400",3.9,",,W,2400",,,41,",,W",31,",,W",,,,,,,,,,,1,",,W",,,,,,,,,1,",,W"
"NY CITY CENTRAL PARK, NY US",40.77898,-73.96925,42.7,2019-03-03,,,,,0.52,",,W,2400",3.0,",,W,2400",1.2,",,W,2400",,,42,",,W",33,",,W",,,,,,,,,,,1,",,W",1,",,W",,,,,,,,
"NY CITY CENTRAL PARK, NY US",40.77898,-73.96925,42.7,2019-03-04,,,,,0.29,",,W,2400",2.0,",,W,2400",3.9,",,W,2400",,,38,",,W",28,",,W",,,,,,,,,,,1,",,W",1,",,W",,,,,,,,
"NY CITY CENTRAL PARK, NY US",40.77898,-73.96925,42.7,2019-03-05,,,,,0.00,",,W,2400",0.0,",,W,2400",2.0,",,W,2400",,,32,",,W",20,",,W",,,,,,,,,,,,,,,,,,,,,,
"NY CITY CENTRAL PARK, NY US",40.77898,-73.96925,42.7,2019-03-06,,,,,0.00,"T,,W,2400",0.0,"T,,W,2400",1.2,",,W,2400",,,26,",,W",19,",,W",,,,,,,,,,,,,,,,,,,,,,
"NY CITY CENTRAL PARK, NY US",40.77898,-73.96925,42.7,2019-03-07,,,,,0.00,",,W,2400",0.0,",,W,2400",1.2,",,W,2400",,,32,",,W",18,",,W",,,,,,,,,,,,,,,,,,,,,,
"NY CITY CENTRAL PARK, NY US",40.77898,-73.96925,42.7,2019-03-08,,,,,0.00,",,W,2400",0.0,",,W,2400",0.0,",,W,2400",,,39,",,W",24,",,W",,,,,,,,,,,,,,,,,,,,,,
"NY CITY CENTRAL PARK, NY US",40.77898,-73.96925,42.7,2019-03-09,,,,,0.00,",,W,2400",0.0,",,W,2400",0.0,",,W,2400",,,49,",,W",34,",,W",,,,,,,,,,,,,,,,,,,,,,
"NY CITY CENTRAL PARK, NY US",40.77898,-73.96925,42.7,2019-03-10,,,,,0.54,",,W,2400",0.0,",,W,2400",0.0,",,W,2400",,,43,",,W",35,",,W",,,,,,,,,,,1,",,W",,,,,,,,,1,",,W"
"NY CITY CENTRAL PARK, NY US",40.77898,-73.96925,42.7,2019-03-11,9.17,",,W",,,0.00,",,W,2400",0.0,",,W,2400",0.0,",,W,2400",,,53,",,W",39,",,W",,,340,",,W",20,",,W",17.0,",,W",25.9,",,W",,,,,,,,,,,,
"NY CITY CENTRAL PARK, NY US",40.77898,-73.96925,42.7,2019-03-12,8.95,",,W",,,0.00,",,W,2400",0.0,",,W,2400",0.0,",,W,2400",,,44,",,W",34,",,W",,,290,",,W",290,",,W",17.0,",,W",30.0,",,W",,,,,,,,,,,,
"NY CITY CENTRAL PARK, NY US",40.77898,-73.96925,42.7,2019-03-13,2.46,",,W",,,0.00,",,W,2400",0.0,",,W,2400",0.0,",,W,2400",,,49,",,W",32,",,W",,,130,",,W",140,",,W",8.1,",,W",15.0,",,W",,,,,,,,,,,1,",,W"
"NY CITY CENTRAL PARK, NY US",40.77898,-73.96925,42.7,2019-03-14,2.91,",,W",,,0.00,",,W,2400",0.0,",,W,2400",0.0,",,W,2400",,,57,",,W",42,",,W",,,140,",,W",150,",,W",10.1,",,W",19.0,",,W",,,,,,,,,,,,
"NY CITY CENTRAL PARK, NY US",40.77898,-73.96925,42.7,2019-03-15,2.24,",,W",,,0.39,",,W,2400",0.0,",,W,2400",0.0,",,W,2400",,,75,",,W",49,",,W",,,270,",,W",230,",,W",14.1,",,W",23.0,",,W",1,",,W",,,1,",,W",,,,,,
"NY CITY CENTRAL PARK, NY US",40.77898,-73.96925,42.7,2019-03-16,10.07,",,W",,,0.00,",,W,2400",0.0,",,W,2400",0.0,",,W,2400",,,58,",,W",37,",,W",,,280,",,W",280,",,W",19.9,",,W",33.1,",,W",,,,,,,,,,,,
"NY CITY CENTRAL PARK, NY US",40.77898,-73.96925,42.7,2019-03-17,6.26,",,W",,,0.00,",,W,2400",0.0,",,W,2400",0.0,",,W,2400",,,45,",,W",34,",,W",,,280,",,W",280,",,W",14.1,",,W",21.9,",,W",,,,,,,,,,,,
"NY CITY CENTRAL PARK, NY US",40.77898,-73.96925,42.7,2019-03-18,2.01,",,W",,,0.00,",,W,2400",0.0,",,W,2400",0.0,",,W,2400",,,46,",,W",32,",,W",,,310,",,W",280,",,W",10.1,",,W",19.0,",,W",,,,,,,,,,,,
"NY CITY CENTRAL PARK, NY US",40.77898,-73.96925,42.7,2019-03-19,3.13,",,W",,,0.00,",,W,2400",0.0,",,W,2400",0.0,",,W,2400",,,51,",,W",35,",,W",,,260,",,W",280,",,W",10.1,",,W",18.1,",,W",,,,,,,,,,,,
"NY CITY CENTRAL PARK, NY US",40.77898,-73.96925,42.7,2019-03-20,2.91,",,W",,,0.00,",,W,2400",0.0,",,W,2400",0.0,",,W,2400",,,53,",,W",37,",,W",,,200,",,W",180,",,W",10.1,",,W",19.9,",,W",,,,,,,,,,,,
"NY CITY CENTRAL PARK, NY US",40.77898,-73.96925,42.7,2019-03-21,7.83,",,W",,,0.75,",,W,2400",0.0,",,W,2400",0.0,",,W,2400",,,46,",,W",41,",,W",,,50,",,W",40,",,W",17.0,",,W",25.1,",,W",1,",,W",,,,,,,,,,
"NY CITY CENTRAL PARK, NY US",40.77898,-73.96925,42.7,2019-03-22,10.74,",,W",,,0.68,",,W,2400",0.0,",,W,2400",0.0,",,W,2400",,,49,",,W",38,",,W",,,40,",,W",40,",,W",21.0,",,W",38.9,",,W",1,",,W",,,,,,,,,,
"NY CITY CENTRAL PARK, NY US",40.77898,-73.96925,42.7,2019-03-23,9.84,",,W",,,0.00,",,W,2400",0.0,",,W,2400",0.0,",,W,2400",,,48,",,W",35,",,W",,,270,",,W",260,",,W",23.0,",,W",36.0,",,W",,,,,,,,,,,,
"NY CITY CENTRAL PARK, NY US",40.77898,-73.96925,42.7,2019-03-24,4.47,",,W",,,0.00,",,W,2400",0.0,",,W,2400",0.0,",,W,2400",,,60,",,W",38,",,W",,,260,",,W",260,",,W",13.0,",,W",23.0,",,W",,,,,,,,,,,,
"NY CITY CENTRAL PARK, NY US",40.77898,-73.96925,42.7,2019-03-25,4.25,",,W",,,0.00,"T,,W,2400",0.0,",,W,2400",0.0,",,W,2400",,,56,",,W",42,",,W",,,20,",,W",20,",,W",13.0,",,W",17.0,",,W",,,,,,,,,,,,
"NY CITY CENTRAL PARK, NY US",40.77898,-73.96925,42.7,2019-03-26,7.83,",,W",,,0.00,",,W,2400",0.0,",,W,2400",0.0,",,W,2400",,,49,",,W",33,",,W",,,10,",,W",360,",,W",16.1,",,W",25.1,",,W",,,,,,,,,,,,
"NY CITY CENTRAL PARK, NY US",40.77898,-73.96925,42.7,2019-03-27,4.03,",,W",,,0.00,",,W,2400",0.0,",,W,2400",0.0,",,W,2400",,,47,",,W",34,",,W",,,30,",,W",20,",,W",15.0,",,W",21.0,",,W",,,,,,,,,,,,
"NY CITY CENTRAL PARK, NY US",40.77898,-73.96925,42.7,2019-03-28,1.57,",,W",,,0.00,"T,,W,2400",0.0,",,W,2400",0.0,",,W,2400",,,53,",,W",37,",,W",,,150,",,W",150,",,W",8.9,",,W",17.0,",,W",,,,,,,,,,,,
"NY CITY CENTRAL PARK, NY US",40.77898,-73.96925,42.7,2019-03-29,2.01,",,W",,,0.00,"T,,W,2400",0.0,",,W,2400",0.0,",,W,2400",,,59,",,W",49,",,W",,,250,",,W",230,",,W",10.1,",,W",16.1,",,W",,,,,,,,,,,,
"NY CITY CENTRAL PARK, NY US",40.77898,-73.96925,42.7,2019-03-30,3.36,",,W",,,0.00,",,W,2400",0.0,",,W,2400",0.0,",,W,2400",,,70,",,W",52,",,W",,,170,",,W",170,",,W",8.9,",,W",19.0,",,W",,,,,,,,,,,,
"NY CITY CENTRAL PARK, NY US",40.77898,-73.96925,42.7,2019-03-31,5.82,",,W",,,0.06,",,W,2400",0.0,",,W,2400",0.0,",,W,2400",,,65,",,W",39,",,W",,,290,",,W",290,",,W",16.1,",,W",28.0,",,W",,,,,,,,,,,1,",,W"
"NY CITY CENTRAL PARK, NY US",40.77898,-73.96925,42.7,2019-04-01,7.16,",,W",,,0.00,",,W,2400",0.0,",,W,2400",0.0,",,W,2400",,,46,",,W",33,",,W",,,270,",,W",310,",,W",16.1,",,W",29.1,",,W",,,,,,,,,,,,
"NY CITY CENTRAL PARK, NY US",40.77898,-73.96925,42.7,2019-04-02,4.47,",,W",,,0.00,"T,,W,2400",0.0,",,W,2400",0.0,",,W,2400",,,52,",,W",39,",,W",,,50,",,W",50,",,W",14.1,",,W",21.0,",,W",,,,,,,,,,,,
"NY CITY CENTRAL PARK, NY US",40.77898,-73.96925,42.7,2019-04-03,7.38,",,W",,,0.00,",,W,2400",0.0,",,W,2400",0.0,",,W,2400",,,67,",,W",41,",,W",,,270,",,W",270,",,W",21.9,",,W",38.0,",,W",,,,,,,,,,,,
"NY CITY CENTRAL PARK, NY US",40.77898,-73.96925,42.7,2019-04-04,6.71,",,W",,,0.00,",,W,2400",0.0,",,W,2400",0.0,",,W,2400",,,60,",,W",44,",,W",,,290,",,W",300,",,W",15.0,",,W",27.1,",,W",,,,,,,,,,,,
"NY CITY CENTRAL PARK, NY US",40.77898,-73.96925,42.7,2019-04-05,5.82,",,W",,,0.20,",,W,2400",0.0,",,W,2400",0.0,",,W,2400",,,45,",,W",38,",,W",,,50,",,W",60,",,W",16.1,",,W",21.9,",,W",1,",,W",,,,,,,,,,
"NY CITY CENTRAL PARK, NY US",40.77898,-73.96925,42.7,2019-04-06,3.36,",,W",,,0.00,",,W,2400",0.0,",,W,2400",0.0,",,W,2400",,,68,",,W",39,",,W",,,300,",,W",300,",,W",13.0,",,W",19.0,",,W",1,",,W",,,,,,,,,1,",,W"
"NY CITY CENTRAL PARK, NY US",40.77898,-73.96925,42.7,2019-04-07,1.57,",,W",,,0.00,",,W,2400",0.0,",,W,2400",0.0,",,W,2400",,,66,",,W",51,",,W",,,190,",,W",190,",,W",8.9,",,W",19.9,",,W",,,,,,,,,,,,
"NY CITY CENTRAL PARK, NY US",40.77898,-73.96925,42.7,2019-04-08,3.58,",,W",,,0.26,",,W,2400",0.0,",,W,2400",0.0,",,W,2400",,,79,",,W",49,",,W",,,50,",,W",250,",,W",15.0,",,W",23.0,",,W",1,",,W",,,,,,,,,1,",,W"
"NY CITY CENTRAL PARK, NY US",40.77898,-73.96925,42.7,2019-04-09,2.91,",,W",,,0.03,",,W,2400",0.0,",,W,2400",0.0,",,W,2400",,,51,",,W",46,",,W",,,90,",,W",140,",,W",10.1,",,W",17.0,",,W",1,",,W",,,1,",,W",,,,,1,",,W"
"NY CITY CENTRAL PARK, NY US",40.77898,-73.96925,42.7,2019-04-10,6.49,",,W",,,0.00,",,W,2400",0.0,",,W,2400",0.0,",,W,2400",,,60,",,W",45,",,W",,,300,",,W",290,",,W",14.1,",,W",25.1,",,W",1,",,W",,,,,,,,,1,",,W"
"NY CITY CENTRAL PARK, NY US",40.77898,-73.96925,42.7,2019-04-11,3.13,",,W",,,0.00,",,W,2400",0.0,",,W,2400",0.0,",,W,2400",,,55,",,W",40,",,W",,,20,",,W",20,",,W",14.1,",,W",21.9,",,W",,,,,,,,,,,,
"NY CITY CENTRAL PARK, NY US",40.77898,-73.96925,42.7,2019-04-12,3.80,",,W",,,0.63,",,W,2400",0.0,",,W,2400",0.0,",,W,2400",,,68,",,W",46,",,W",,,50,",,W",190,",,W",8.9,",,W",16.1,",,W",1,",,W",,,,,,,,,,
"NY CITY CENTRAL PARK, NY US",40.77898,-73.96925,42.7,2019-04-13,2.91,",,W",,,0.24,",,W,2400",0.0,",,W,2400",0.0,",,W,2400",,,77,",,W",59,",,W",,,260,",,W",190,",,W",8.9,",,W",21.9,",,W",1,",,W",,,,,,,,,1,",,W"
"NY CITY CENTRAL PARK, NY US",40.77898,-73.96925,42.7,2019-04-14,1.57,",,W",,,0.01,",,W,2400",0.0,",,W,2400",0.0,",,W,2400",,,73,",,W",60,",,W",,,240,",,W",170,",,W",8.9,",,W",16.1,",,W",1,",,W",,,,,,,,,1,",,W"
"NY CITY CENTRAL PARK, NY US",40.77898,-73.96925,42.7,2019-04-15,8.50,",,W",,,0.96,",,W,2400",0.0,",,W,2400",0.0,",,W,2400",,,65,",,W",46,",,W",,,270,",,W",280,",,W",23.9,",,W",38.9,",,W",1,",,W",,,1,",,W",,,,,,
"NY CITY CENTRAL PARK, NY US",40.77898,-73.96925,42.7,2019-04-16,9.40,",,W",,,0.00,"T,,W,2400",0.0,",,W,2400",0.0,",,W,2400",,,66,",,W",44,",,W",,,280,",,W",270,",,W",17.0,",,W",31.1,",,W",,,,,,,,,,,,
"NY CITY CENTRAL PARK, NY US",40.77898,-73.96925,42.7,2019-04-17,3.13,",,W",,,0.01,",,W,2400",0.0,",,W,2400",0.0,",,W,2400",,,63,",,W",48,",,W",,,50,",,W",190,",,W",12.1,",,W",16.1,",,W",,,,,,,,,,,,
"NY CITY CENTRAL PARK, NY US",40.77898,-73.96925,42.7,2019-04-18,3.58,",,W",,,0.00,"T,,W,2400",0.0,",,W,2400",0.0,",,W,2400",,,62,",,W",51,",,W",,,130,",,W",140,",,W",10.1,",,W",19.9,",,W",,,,,,,,,,,,
"NY CITY CENTRAL PARK, NY US",40.77898,-73.96925,42.7,2019-04-19,3.36,",,W",,,0.01,",,W,2400",0.0,",,W,2400",0.0,",,W,2400",,,80,",,W",58,",,W",,,160,",,W",140,",,W",8.9,",,W",18.1,",,W",1,",,W",,,,,,,,,1,",,W"
"NY CITY CENTRAL PARK, NY US",40.77898,-73.96925,42.7,2019-04-20,3.80,",,W",,,0.70,",,W,2400",0.0,",,W,2400",0.0,",,W,2400",,,64,",,W",55,",,W",,,160,",,W",,,6.9,",,W",,,,,,,,,,,,,1,",,W"
"NY CITY CENTRAL PARK, NY US",40.77898,-73.96925,42.7,2019-04-21,3.36,",,W",,,0.00,",,W,2400",0.0,",,W,2400",0.0,",,W,2400",,,66,",,W",53,",,W",,,150,",,W",150,",,W",10.1,",,W",19.0,",,W",,,,,,,,,,,,
"NY CITY CENTRAL PARK, NY US",40.77898,-73.96925,42.7,2019-04-22,4.47,",,W",,,0.24,",,W,2400",0.0,",,W,2400",0.0,",,W,2400",,,64,",,W",52,",,W",,,360,",,W",50,",,W",12.1,",,W",19.9,",,W",1,",,W",,,,,,,,,1,",,W"
"NY CITY CENTRAL PARK, NY US",40.77898,-73.96925,42.7,2019-04-23,2.01,",,W",,,0.08,",,W,2400",0.0,",,W,2400",0.0,",,W,2400",,,77,",,W",56,",,W",,,140,",,W",220,",,W",8.9,",,W",16.1,",,W",1,",,W",,,,,,,,,,
"NY CITY CENTRAL PARK, NY US",40.77898,-73.96925,42.7,2019-04-24,5.82,",,W",,,0.00,"T,,W,2400",0.0,",,W,2400",0.0,",,W,2400",,,69,",,W",55,",,W",,,300,",,W",300,",,W",15.0,",,W",23.9,",,W",,,,,,,,,,,,
"NY CITY CENTRAL PARK, NY US",40.77898,-73.96925,42.7,2019-04-25,3.36,",,W",,,0.02,",,W,2400",0.0,",,W,2400",0.0,",,W,2400",,,66,",,W",48,",,W",,,40,",,W",60,",,W",10.1,",,W",16.1,",,W",,,,,,,,,,,,
"NY CITY CENTRAL PARK, NY US",40.77898,-73.96925,42.7,2019-04-26,4.92,",,W",,,1.03,",,W,2400",0.0,",,W,2400",0.0,",,W,2400",,,59,",,W",51,",,W",,,50,",,W",270,",,W",14.1,",,W",23.0,",,W",1,",,W",1,",,W",,,,,,,,
"NY CITY CENTRAL PARK, NY US",40.77898,-73.96925,42.7,2019-04-27,6.93,",,W",,,0.07,",,W,2400",0.0,",,W,2400",0.0,",,W,2400",,,58,",,W",47,",,W",,,270,",,W",290,",,W",21.0,",,W",34.0,",,W",1,",,W",,,,,,,,,,
"NY CITY CENTRAL PARK, NY US",40.77898,-73.96925,42.7,2019-04-28,3.80,",,W",,,0.01,",,W,2400",0.0,",,W,2400",0.0,",,W,2400",,,53,",,W",45,",,W",,,360,",,W",360,",,W",12.1,",,W",19.9,",,W",,,,,,,,,,,,
"NY CITY CENTRAL PARK, NY US",40.77898,-73.96925,42.7,2019-04-29,2.68,",,W",,,0.01,",,W,2400",0.0,",,W,2400",0.0,",,W,2400",,,60,",,W",41,",,W",,,140,",,W",160,",,W",10.1,",,W",16.1,",,W",1,",,W",,,,,,,,,,
"NY CITY CENTRAL PARK, NY US",40.77898,-73.96925,42.7,2019-04-30,2.01,",,W",,,0.04,",,W,2400",0.0,",,W,2400",0.0,",,W,2400",,,60,",,W",48,",,W",,,60,",,W",60,",,W",10.1,",,W",14.1,",,W",1,",,W",,,,,,,,,1,",,W"
"NY CITY CENTRAL PARK, NY US",40.77898,-73.96925,42.7,2019-05-01,2.46,",,W",,,0.00,",,W,2400",0.0,",,W,2400",0.0,",,W,2400",,,56,",,W",50,",,W",,,140,",,W",140,",,W",8.9,",,W",16.1,",,W",1,",,W",,,,,,,,,,
"NY CITY CENTRAL PARK, NY US",40.77898,-73.96925,42.7,2019-05-02,2.68,",,W",,,0.01,",,W,2400",0.0,",,W,2400",0.0,",,W,2400",,,78,",,W",50,",,W",,,130,",,W",140,",,W",12.1,",,W",21.0,",,W",1,",,W",,,,,,,,,1,",,W"
"NY CITY CENTRAL PARK, NY US",40.77898,-73.96925,42.7,2019-05-03,2.46,",,W",,,0.06,",,W,2400",0.0,",,W,2400",0.0,",,W,2400",,,56,",,W",50,",,W",,,40,",,W",90,",,W",8.9,",,W",13.0,",,W",1,",,W",,,1,",,W",,,,,1,",,W"
"NY CITY CENTRAL PARK, NY US",40.77898,-73.96925,42.7,2019-05-04,1.12,",,W",,,0.11,",,W,2400",0.0,",,W,2400",0.0,",,W,2400",,,71,",,W",53,",,W",,,50,",,W",80,",,W",6.9,",,W",11.0,",,W",1,",,W",,,,,,,,,1,",,W"
"NY CITY CENTRAL PARK, NY US",40.77898,-73.96925,42.7,2019-05-05,7.16,",,W",,,1.31,",,W,2400",0.0,",,W,2400",0.0,",,W,2400",,,58,",,W",51,",,W",,,50,",,W",50,",,W",17.0,",,W",25.9,",,W",1,",,W",,,,,,,,,,
"NY CITY CENTRAL PARK, NY US",40.77898,-73.96925,42.7,2019-05-06,4.03,",,W",,,0.00,",,W,2400",0.0,",,W,2400",0.0,",,W,2400",,,74,",,W",51,",,W",,,40,",,W",40,",,W",13.0,",,W",19.0,",,W",,,,,,,,,,,,
"NY CITY CENTRAL PARK, NY US",40.77898,-73.96925,42.7,2019-05-07,1.34,",,W",,,0.11,",,W,2400",0.0,",,W,2400",0.0,",,W,2400",,,70,",,W",52,",,W",,,360,",,W",150,",,W",8.9,",,W",15.0,",,W",1,",,W",,,,,,,,,,
"NY CITY CENTRAL PARK, NY US",40.77898,-73.96925,42.7,2019-05-08,4.47,",,W",,,0.00,",,W,2400",0.0,",,W,2400",0.0,",,W,2400",,,71,",,W",55,",,W",,,30,",,W",50,",,W",10.1,",,W",17.0,",,W",1,",,W",,,,,,,,,,
"NY CITY CENTRAL PARK, NY US",40.77898,-73.96925,42.7,2019-05-09,5.59,",,W",,,0.00,",,W,2400",0.0,",,W,2400",0.0,",,W,2400",,,61,",,W",53,",,W",,,50,",,W",50,",,W",16.1,",,W",25.1,",,W",,,,,,,,,,,,
"NY CITY CENTRAL PARK, NY US",40.77898,-73.96925,42.7,2019-05-10,1.57,",,W",,,0.04,",,W,2400",0.0,",,W,2400",0.0,",,W,2400",,,73,",,W",56,",,W",,,130,",,W",140,",,W",10.1,",,W",21.0,",,W",1,",,W",,,,,,,,,,
"NY CITY CENTRAL PARK, NY US",40.77898,-73.96925,42.7,2019-05-11,3.13,",,W",,,0.04,",,W,2400",0.0,",,W,2400",0.0,",,W,2400",,,69,",,W",56,",,W",,,280,",,W",300,",,W",10.1,",,W",17.0,",,W",1,",,W",,,,,,,,,,
"NY CITY CENTRAL PARK, NY US",40.77898,-73.96925,42.7,2019-05-12,8.50,",,W",,,1.32,",,W,2400",0.0,",,W,2400",0.0,",,W,2400",,,59,",,W",43,",,W",,,60,",,W",50,",,W",18.1,",,W",31.1,",,W",1,",,W",,,,,,,,,,
"NY CITY CENTRAL PARK, NY US",40.77898,-73.96925,42.7,2019-05-13,5.59,",,W",,,0.70,",,W,2400",0.0,",,W,2400",0.0,",,W,2400",,,48,",,W",42,",,W",,,50,",,W",50,",,W",15.0,",,W",23.0,",,W",1,",,W",,,,,,,,,,
"NY CITY CENTRAL PARK, NY US",40.77898,-73.96925,42.7,2019-05-14,2.24,",,W",,,0.30,",,W,2400",0.0,",,W,2400",0.0,",,W,2400",,,52,",,W",44,",,W",,,280,",,W",280,",,W",8.1,",,W",13.0,",,W",1,",,W",,,,,,,,,,
"NY CITY CENTRAL PARK, NY US",40.77898,-73.96925,42.7,2019-05-15,3.80,",,W",,,0.01,",,W,2400",0.0,",,W,2400",0.0,",,W,2400",,,69,",,W",44,",,W",,,250,",,W",300,",,W",10.1,",,W",19.9,",,W",1,",,W",,,,,,,,,,
"NY CITY CENTRAL PARK, NY US",40.77898,-73.96925,42.7,2019-05-16,2.68,",,W",,,0.12,",,W,2400",0.0,",,W,2400",0.0,",,W,2400",,,73,",,W",52,",,W",,,280,",,W",270,",,W",13.0,",,W",19.0,",,W",1,",,W",,,,,,,,,,
"NY CITY CENTRAL PARK, NY US",40.77898,-73.96925,42.7,2019-05-17,4.92,",,W",,,0.03,",,W,2400",0.0,",,W,2400",0.0,",,W,2400",,,76,",,W",60,",,W",,,250,",,W",230,",,W",13.0,",,W",21.0,",,W",1,",,W",,,,,,,,,,
"NY CITY CENTRAL PARK, NY US",40.77898,-73.96925,42.7,2019-05-18,2.68,",,W",,,0.00,",,W,2400",0.0,",,W,2400",0.0,",,W,2400",,,75,",,W",56,",,W",,,140,",,W",140,",,W",8.9,",,W",16.1,",,W",,,,,,,,,,,,
"NY CITY CENTRAL PARK, NY US",40.77898,-73.96925,42.7,2019-05-19,2.91,",,W",,,0.06,",,W,2400",0.0,",,W,2400",0.0,",,W,2400",,,76,",,W",60,",,W",,,140,",,W",150,",,W",12.1,",,W",21.9,",,W",1,",,W",,,1,",,W",,,,,,
"NY CITY CENTRAL PARK, NY US",40.77898,-73.96925,42.7,2019-05-20,5.37,",,W",,,0.00,"T,,W,2400",0.0,",,W,2400",0.0,",,W,2400",,,85,",,W",66,",,W",,,240,",,W",210,",,W",18.1,",,W",32.0,",,W",1,",,W",,,1,",,W",,,,,,
"NY CITY CENTRAL PARK, NY US",40.77898,-73.96925,42.7,2019-05-21,5.82,",,W",,,0.00,",,W,2400",0.0,",,W,2400",0.0,",,W,2400",,,71,",,W",56,",,W",,,290,",,W",300,",,W",15.0,",,W",29.1,",,W",,,,,,,,,,,,
"NY CITY CENTRAL PARK, NY US",40.77898,-73.96925,42.7,2019-05-22,4.25,",,W",,,0.00,",,W,2400",0.0,",,W,2400",0.0,",,W,2400",,,74,",,W",54,",,W",,,50,",,W",70,",,W",13.0,",,W",17.0,",,W",,,,,,,,,,,,
"NY CITY CENTRAL PARK, NY US",40.77898,-73.96925,42.7,2019-05-23,4.03,",,W",,,0.48,",,W,2400",0.0,",,W,2400",0.0,",,W,2400",,,72,",,W",55,",,W",,,240,",,W",230,",,W",14.1,",,W",19.9,",,W",1,",,W",,,,,,,,,,
"NY CITY CENTRAL PARK, NY US",40.77898,-73.96925,42.7,2019-05-24,7.61,",,W",,,0.00,",,W,2400",0.0,",,W,2400",0.0,",,W,2400",,,73,",,W",61,",,W",,,300,",,W",320,",,W",18.1,",,W",32.0,",,W",,,,,,,,,,,,
"NY CITY CENTRAL PARK, NY US",40.77898,-73.96925,42.7,2019-05-25,4.03,",,W",,,0.00,",,W,2400",0.0,",,W,2400",0.0,",,W,2400",,,71,",,W",55,",,W",,,150,",,W",150,",,W",12.1,",,W",21.9,",,W",,,,,,,,,,,,
"NY CITY CENTRAL PARK, NY US",40.77898,-73.96925,42.7,2019-05-26,4.25,",,W",,,0.20,",,W,2400",0.0,",,W,2400",0.0,",,W,2400",,,86,",,W",59,",,W",,,280,",,W",260,",,W",12.1,",,W",19.0,",,W",1,",,W",,,1,",,W",,,,,1,",,W"
"NY CITY CENTRAL PARK, NY US",40.77898,-73.96925,42.7,2019-05-27,3.58,",,W",,,0.00,",,W,2400",0.0,",,W,2400",0.0,",,W,2400",,,80,",,W",64,",,W",,,40,",,W",70,",,W",13.0,",,W",17.0,",,W",,,,,,,,,,,,
"NY CITY CENTRAL PARK, NY US",40.77898,-73.96925,42.7,2019-05-28,4.25,",,W",,,0.17,",,W,2400",0.0,",,W,2400",0.0,",,W,2400",,,71,",,W",62,",,W",,,60,",,W",150,",,W",12.1,",,W",18.1,",,W",1,",,W",,,1,",,W",,,,,,
"NY CITY CENTRAL PARK, NY US",40.77898,-73.96925,42.7,2019-05-29,4.70,",,W",,,0.80,",,W,2400",0.0,",,W,2400",0.0,",,W,2400",,,70,",,W",56,",,W",,,90,",,W",110,",,W",12.1,",,W",18.1,",,W",1,",,W",,,1,",,W",,,,,1,",,W"
"NY CITY CENTRAL PARK, NY US",40.77898,-73.96925,42.7,2019-05-30,2.01,",,W",,,0.95,",,W,2400",0.0,",,W,2400",0.0,",,W,2400",,,70,",,W",57,",,W",,,140,",,W",160,",,W",8.9,",,W",15.0,",,W",1,",,W",,,1,",,W",,,,,1,",,W"
"NY CITY CENTRAL PARK, NY US",40.77898,-73.96925,42.7,2019-05-31,2.68,",,W",,,0.00,"T,,W,2400",0.0,",,W,2400",0.0,",,W,2400",,,80,",,W",63,",,W",,,250,",,W",290,",,W",10.1,",,W",15.0,",,W",1,",,W",,,,,,,,,,
"NY CITY CENTRAL PARK, NY US",40.77898,-73.96925,42.7,2019-06-01,2.68,",,W",,,0.00,",,W,2400",0.0,",,W,2400",0.0,",,W,2400",,,80,",,W",63,",,W",,,150,",,W",150,",,W",8.9,",,W",16.1,",,W",,,,,,,,,,,1,",,W"
"NY CITY CENTRAL PARK, NY US",40.77898,-73.96925,42.7,2019-06-02,3.80,",,W",,,0.86,",,W,2400",0.0,",,W,2400",0.0,",,W,2400",,,81,",,W",61,",,W",,,260,",,W",220,",,W",12.1,",,W",25.1,",,W",1,",,W",1,",,W",1,",,W",,,,,1,",,W"
"NY CITY CENTRAL PARK, NY US",40.77898,-73.96925,42.7,2019-06-03,5.37,",,W",,,0.00,",,W,2400",0.0,",,W,2400",0.0,",,W,2400",,,70,",,W",58,",,W",,,280,",,W",270,",,W",15.0,",,W",23.9,",,W",,,,,,,,,,,,
"NY CITY CENTRAL PARK, NY US",40.77898,-73.96925,42.7,2019-06-04,3.80,",,W",,,0.00,",,W,2400",0.0,",,W,2400",0.0,",,W,2400",,,70,",,W",54,",,W",,,250,",,W",240,",,W",12.1,",,W",23.0,",,W",,,,,,,,,,,,
"NY CITY CENTRAL PARK, NY US",40.77898,-73.96925,42.7,2019-06-05,4.47,",,W",,,0.00,"T,,W,2400",0.0,",,W,2400",0.0,",,W,2400",,,81,",,W",64,",,W",,,230,",,W",240,",,W",14.1,",,W",25.9,",,W",,,,,,,,,,,,
"NY CITY CENTRAL PARK, NY US",40.77898,-73.96925,42.7,2019-06-06,4.70,",,W",,,0.04,",,W,2400",0.0,",,W,2400",0.0,",,W,2400",,,83,",,W",68,",,W",,,50,",,W",270,",,W",12.1,",,W",21.0,",,W",1,",,W",,,,,,,,,,
"NY CITY CENTRAL PARK, NY US",40.77898,-73.96925,42.7,2019-06-07,2.24,",,W",,,0.00,",,W,2400",0.0,",,W,2400",0.0,",,W,2400",,,81,",,W",66,",,W",,,60,",,W",20,",,W",8.1,",,W",13.0,",,W",,,,,,,,,,,1,",,W"
"NY CITY CENTRAL PARK, NY US",40.77898,-73.96925,42.7,2019-06-08,6.26,",,W",,,0.00,",,W,2400",0.0,",,W,2400",0.0,",,W,2400",,,81,",,W",63,",,W",,,50,",,W",60,",,W",16.1,",,W",25.1,",,W",1,",,W",,,,,,,,,1,",,W"
"NY CITY CENTRAL PARK, NY US",40.77898,-73.96925,42.7,2019-06-09,6.49,",,W",,,0.00,",,W,2400",0.0,",,W,2400",0.0,",,W,2400",,,78,",,W",60,",,W",,,60,",,W",130,",,W",14.1,",,W",19.9,",,W",,,,,,,,,,,,
"NY CITY CENTRAL PARK, NY US",40.77898,-73.96925,42.7,2019-06-10,6.71,",,W",,,0.62,",,W,2400",0.0,",,W,2400",0.0,",,W,2400",,,70,",,W",60,",,W",,,50,",,W",50,",,W",15.0,",,W",19.9,",,W",1,",,W",,,,,,,,,,
"NY CITY CENTRAL PARK, NY US",40.77898,-73.96925,42.7,2019-06-11,6.26,",,W",,,0.45,",,W,2400",0.0,",,W,2400",0.0,",,W,2400",,,77,",,W",63,",,W",,,300,",,W",280,",,W",15.0,",,W",25.9,",,W",1,",,W",,,,,,,,,,
"NY CITY CENTRAL PARK, NY US",40.77898,-73.96925,42.7,2019-06-12,4.03,",,W",,,0.00,",,W,2400",0.0,",,W,2400",0.0,",,W,2400",,,74,",,W",59,",,W",,,140,",,W",160,",,W",12.1,",,W",19.9,",,W",,,,,,,,,,,,
"NY CITY CENTRAL PARK, NY US",40.77898,-73.96925,42.7,2019-06-13,5.82,",,W",,,0.60,",,W,2400",0.0,",,W,2400",0.0,",,W,2400",,,65,",,W",55,",,W",,,50,",,W",50,",,W",21.9,",,W",31.1,",,W",1,",,W",,,,,,,,,,
"NY CITY CENTRAL PARK, NY US",40.77898,-73.96925,42.7,2019-06-14,6.04,",,W",,,0.00,",,W,2400",0.0,",,W,2400",0.0,",,W,2400",,,73,",,W",58,",,W",,,270,",,W",290,",,W",17.0,",,W",25.9,",,W",1,",,W",,,,,,,,,,
"NY CITY CENTRAL PARK, NY US",40.77898,-73.96925,42.7,2019-06-15,4.47,",,W",,,0.00,",,W,2400",0.0,",,W,2400",0.0,",,W,2400",,,81,",,W",60,",,W",,,220,",,W",220,",,W",15.0,",,W",25.1,",,W",,,,,,,,,,,,
"NY CITY CENTRAL PARK, NY US",40.77898,-73.96925,42.7,2019-06-16,5.14,",,W",,,0.04,",,W,2400",0.0,",,W,2400",0.0,",,W,2400",,,80,",,W",65,",,W",,,230,",,W",220,",,W",15.0,",,W",23.0,",,W",,,,,,,,,,,,
"NY CITY CENTRAL PARK, NY US",40.77898,-73.96925,42.7,2019-06-17,1.34,",,W",,,0.00,"T,,W,2400",0.0,",,W,2400",0.0,",,W,2400",,,76,",,W",69,",,W",,,30,",,W",40,",,W",10.1,",,W",17.0,",,W",,,,,,,,,,,,
"NY CITY CENTRAL PARK, NY US",40.77898,-73.96925,42.7,2019-06-18,1.79,",,W",,,0.79,",,W,2400",0.0,",,W,2400",0.0,",,W,2400",,,73,",,W",67,",,W",,,60,",,W",160,",,W",10.1,",,W",14.1,",,W",1,",,W",,,,,,,,,,
"NY CITY CENTRAL PARK, NY US",40.77898,-73.96925,42.7,2019-06-19,2.91,",,W",,,0.11,",,W,2400",0.0,",,W,2400",0.0,",,W,2400",,,71,",,W",66,",,W",,,70,",,W",140,",,W",8.1,",,W",13.0,",,W",1,",,W",,,,,,,,,1,",,W"
"NY CITY CENTRAL PARK, NY US",40.77898,-73.96925,42.7,2019-06-20,3.13,",,W",,,0.42,",,W,2400",0.0,",,W,2400",0.0,",,W,2400",,,78,",,W",65,",,W",,,240,",,W",230,",,W",8.1,",,W",14.1,",,W",1,",,W",,,1,",,W",,,,,1,",,W"
"NY CITY CENTRAL PARK, NY US",40.77898,-73.96925,42.7,2019-06-21,5.14,",,W",,,0.53,",,W,2400",0.0,",,W,2400",0.0,",,W,2400",,,77,",,W",65,",,W",,,300,",,W",290,",,W",15.0,",,W",25.1,",,W",1,",,W",,,,,,,,,1,",,W"
"NY CITY CENTRAL PARK, NY US",40.77898,-73.96925,42.7,2019-06-22,5.59,",,W",,,0.00,",,W,2400",0.0,",,W,2400",0.0,",,W,2400",,,79,",,W",61,",,W",,,300,",,W",300,",,W",15.0,",,W",23.9,",,W",,,,,,,,,,,1,",,W"
"NY CITY CENTRAL PARK, NY US",40.77898,-73.96925,42.7,2019-06-23,4.70,",,W",,,0.00,",,W,2400",0.0,",,W,2400",0.0,",,W,2400",,,83,",,W",64,",,W",,,280,",,W",210,",,W",12.1,",,W",19.9,",,W",,,,,,,,,,,,
"NY CITY CENTRAL PARK, NY US",40.77898,-73.96925,42.7,2019-06-24,1.79,",,W",,,0.00,",,W,2400",0.0,",,W,2400",0.0,",,W,2400",,,84,",,W",67,",,W",,,200,",,W",230,",,W",8.1,",,W",17.0,",,W",,,,,,,,,,,,
"NY CITY CENTRAL PARK, NY US",40.77898,-73.96925,42.7,2019-06-25,2.01,",,W",,,0.86,",,W,2400",0.0,",,W,2400",0.0,",,W,2400",,,84,",,W",72,",,W",,,270,",,W",250,",,W",8.1,",,W",12.1,",,W",1,",,W",1,",,W",1,",,W",,,,,1,",,W"
"NY CITY CENTRAL PARK, NY US",40.77898,-73.96925,42.7,2019-06-26,3.13,",,W",,,0.00,",,W,2400",0.0,",,W,2400",0.0,",,W,2400",,,87,",,W",72,",,W",,,250,",,W",220,",,W",8.9,",,W",15.0,",,W",1,",,W",,,,,,,,,,
"NY CITY CENTRAL PARK, NY US",40.77898,-73.96925,42.7,2019-06-27,2.68,",,W",,,0.00,",,W,2400",0.0,",,W,2400",0.0,",,W,2400",,,89,",,W",71,",,W",,,230,",,W",300,",,W",10.1,",,W",19.0,",,W",,,,,,,,,,,,
"NY CITY CENTRAL PARK, NY US",40.77898,-73.96925,42.7,2019-06-28,2.46,",,W",,,0.00,",,W,2400",0.0,",,W,2400",0.0,",,W,2400",,,89,",,W",73,",,W",,,210,",,W",220,",,W",10.1,",,W",15.0,",,W",,,,,,,,,,,,
"NY CITY CENTRAL PARK, NY US",40.77898,-73.96925,42.7,2019-06-29,4.70,",,W",,,0.08,",,W,2400",0.0,",,W,2400",0.0,",,W,2400",,,91,",,W",72,",,W",,,230,",,W",220,",,W",14.1,",,W",21.9,",,W",1,",,W",,,1,",,W",,,,,,
"NY CITY CENTRAL PARK, NY US",40.77898,-73.96925,42.7,2019-06-30,5.14,",,W",,,0.06,",,W,2400",0.0,",,W,2400",0.0,",,W,2400",,,83,",,W",69,",,W",,,330,",,W",360,",,W",21.0,",,W",36.9,",,W",,,,,,,,,,,,
"NY CITY CENTRAL PARK, NY US",40.77898,-73.96925,42.7,2019-07-01,4.47,",,W",,,0.00,",,W,2400",0.0,",,W,2400",0.0,",,W,2400",,,85,",,W",65,",,W",,,280,",,W",60,",,W",10.1,",,W",15.0,",,W",,,,,,,,,,,1,",,W"
"NY CITY CENTRAL PARK, NY US",40.77898,-73.96925,42.7,2019-07-02,2.46,",,W",,,0.02,",,W,2400",0.0,",,W,2400",0.0,",,W,2400",,,85,",,W",71,",,W",,,270,",,W",330,",,W",8.9,",,W",14.1,",,W",,,,,,,,,,,,
"NY CITY CENTRAL PARK, NY US",40.77898,-73.96925,42.7,2019-07-03,1.79,",,W",,,0.00,"T,,W,2400",0.0,",,W,2400",0.0,",,W,2400",,,87,",,W",75,",,W",,,60,",,W",70,",,W",10.1,",,W",13.0,",,W",,,,,,,,,,,,
"NY CITY CENTRAL PARK, NY US",40.77898,-73.96925,42.7,2019-07-04,2.68,",,W",,,0.00,",,W,2400",0.0,",,W,2400",0.0,",,W,2400",,,90,",,W",74,",,W",,,150,",,W",160,",,W",13.0,",,W",21.0,",,W",,,,,,,,,,,1,",,W"
"NY CITY CENTRAL PARK, NY US",40.77898,-73.96925,42.7,2019-07-05,2.91,",,W",,,0.00,",,W,2400",0.0,",,W,2400",0.0,",,W,2400",,,86,",,W",72,",,W",,,140,",,W",150,",,W",8.9,",,W",17.0,",,W",1,",,W",,,,,,,,,1,",,W"
"NY CITY CENTRAL PARK, NY US",40.77898,-73.96925,42.7,2019-07-06,3.36,",,W",,,0.00,"T,,W,2400",0.0,",,W,2400",0.0,",,W,2400",,,90,",,W",76,",,W",,,220,",,W",230,",,W",10.1,",,W",17.0,",,W",,,,,1,",,W",,,,,,
"NY CITY CENTRAL PARK, NY US",40.77898,-73.96925,42.7,2019-07-07,4.92,",,W",,,0.00,",,W,2400",0.0,",,W,2400",0.0,",,W,2400",,,86,",,W",72,",,W",,,50,",,W",50,",,W",15.0,",,W",23.0,",,W",,,,,,,,,,,,
"NY CITY CENTRAL PARK, NY US",40.77898,-73.96925,42.7,2019-07-08,2.68,",,W",,,0.04,",,W,2400",0.0,",,W,2400",0.0,",,W,2400",,,78,",,W",68,",,W",,,50,",,W",70,",,W",8.1,",,W",11.0,",,W",1,",,W",,,,,,,,,,
"NY CITY CENTRAL PARK, NY US",40.77898,-73.96925,42.7,2019-07-09,2.68,",,W",,,0.00,",,W,2400",0.0,",,W,2400",0.0,",,W,2400",,,87,",,W",69,",,W",,,240,",,W",250,",,W",10.1,",,W",14.1,",,W",1,",,W",,,,,,,,,1,",,W"
"NY CITY CENTRAL PARK, NY US",40.77898,-73.96925,42.7,2019-07-10,2.46,",,W",,,0.00,",,W,2400",0.0,",,W,2400",0.0,",,W,2400",,,88,",,W",74,",,W",,,240,",,W",230,",,W",12.1,",,W",18.1,",,W",,,,,,,,,,,,
"NY CITY CENTRAL PARK, NY US",40.77898,-73.96925,42.7,2019-07-11,4.47,",,W",,,0.79,",,W,2400",0.0,",,W,2400",0.0,",,W,2400",,,87,",,W",73,",,W",,,150,",,W",130,",,W",12.1,",,W",21.0,",,W",1,",,W",,,1,",,W",,,,,,
"NY CITY CENTRAL PARK, NY US",40.77898,-73.96925,42.7,2019-07-12,5.14,",,W",,,0.00,",,W,2400",0.0,",,W,2400",0.0,",,W,2400",,,87,",,W",72,",,W",,,300,",,W",300,",,W",12.1,",,W",21.0,",,W",1,",,W",,,,,,,,,,
"NY CITY CENTRAL PARK, NY US",40.77898,-73.96925,42.7,2019-07-13,3.80,",,W",,,0.00,",,W,2400",0.0,",,W,2400",0.0,",,W,2400",,,85,",,W",70,",,W",,,280,",,W",310,",,W",10.1,",,W",19.0,",,W",,,,,,,,,,,,
"NY CITY CENTRAL PARK, NY US",40.77898,-73.96925,42.7,2019-07-14,4.92,",,W",,,0.00,",,W,2400",0.0,",,W,2400",0.0,",,W,2400",,,89,",,W",76,",,W",,,270,",,W",260,",,W",13.0,",,W",21.9,",,W",,,,,,,,,,,,
"NY CITY CENTRAL PARK, NY US",40.77898,-73.96925,42.7,2019-07-15,2.91,",,W",,,0.00,",,W,2400",0.0,",,W,2400",0.0,",,W,2400",,,85,",,W",68,",,W",,,290,",,W",290,",,W",8.9,",,W",15.0,",,W",,,,,,,,,,,,
"NY CITY CENTRAL PARK, NY US",40.77898,-73.96925,42.7,2019-07-16,2.91,",,W",,,0.00,",,W,2400",0.0,",,W,2400",0.0,",,W,2400",,,91,",,W",72,",,W",,,230,",,W",230,",,W",10.1,",,W",18.1,",,W",,,,,,,,,,,,
"NY CITY CENTRAL PARK, NY US",40.77898,-73.96925,42.7,2019-07-17,3.58,",,W",,,1.82,",,W,2400",0.0,",,W,2400",0.0,",,W,2400",,,93,",,W",73,",,W",,,290,",,W",300,",,W",14.1,",,W",27.1,",,W",1,",,W",,,1,",,W",,,,,,
"NY CITY CENTRAL PARK, NY US",40.77898,-73.96925,42.7,2019-07-18,4.92,",,W",,,0.51,",,W,2400",0.0,",,W,2400",0.0,",,W,2400",,,79,",,W",71,",,W",,,50,",,W",50,",,W",15.0,",,W",19.9,",,W",1,",,W",,,,,,,,,,
"NY CITY CENTRAL PARK, NY US",40.77898,-73.96925,42.7,2019-07-19,3.58,",,W",,,0.00,",,W,2400",0.0,",,W,2400",0.0,",,W,2400",,,91,",,W",71,",,W",,,240,",,W",230,",,W",13.0,",,W",21.0,",,W",,,,,,,,,,,,
"NY CITY CENTRAL PARK, NY US",40.77898,-73.96925,42.7,2019-07-20,4.25,",,W",,,0.00,",,W,2400",0.0,",,W,2400",0.0,",,W,2400",,,95,",,W",82,",,W",,,230,",,W",240,",,W",13.0,",,W",21.0,",,W",,,,,,,,,,,,
"NY CITY CENTRAL PARK, NY US",40.77898,-73.96925,42.7,2019-07-21,4.47,",,W",,,0.00,"T,,W,2400",0.0,",,W,2400",0.0,",,W,2400",,,95,",,W",80,",,W",,,280,",,W",240,",,W",14.1,",,W",21.0,",,W",,,,,1,",,W",,,,,,
"NY CITY CENTRAL PARK, NY US",40.77898,-73.96925,42.7,2019-07-22,2.68,",,W",,,1.66,",,W,2400",0.0,",,W,2400",0.0,",,W,2400",,,90,",,W",72,",,W",,,10,",,W",340,",,W",14.1,",,W",25.1,",,W",1,",,W",1,",,W",1,",,W",,,,,,
"NY CITY CENTRAL PARK, NY US",40.77898,-73.96925,42.7,2019-07-23,4.03,",,W",,,0.53,",,W,2400",0.0,",,W,2400",0.0,",,W,2400",,,74,",,W",67,",,W",,,360,",,W",10,",,W",12.1,",,W",17.0,",,W",1,",,W",,,,,,,,,,
"NY CITY CENTRAL PARK, NY US",40.77898,-73.96925,42.7,2019-07-24,2.91,",,W",,,0.02,",,W,2400",0.0,",,W,2400",0.0,",,W,2400",,,83,",,W",67,",,W",,,60,",,W",50,",,W",12.1,",,W",15.0,",,W",1,",,W",,,,,,,,,,
"NY CITY CENTRAL PARK, NY US",40.77898,-73.96925,42.7,2019-07-25,1.79,",,W",,,0.00,",,W,2400",0.0,",,W,2400",0.0,",,W,2400",,,84,",,W",70,",,W",,,50,",,W",50,",,W",10.1,",,W",14.1,",,W",,,,,,,,,,,,
"NY CITY CENTRAL PARK, NY US",40.77898,-73.96925,42.7,2019-07-26,1.57,",,W",,,0.00,",,W,2400",0.0,",,W,2400",0.0,",,W,2400",,,88,",,W",69,",,W",,,50,",,W",50,",,W",8.9,",,W",13.0,",,W",,,,,,,,,,,,
"NY CITY CENTRAL PARK, NY US",40.77898,-73.96925,42.7,2019-07-27,2.91,",,W",,,0.00,",,W,2400",0.0,",,W,2400",0.0,",,W,2400",,,85,",,W",72,",,W",,,220,",,W",220,",,W",12.1,",,W",19.0,",,W",,,,,,,,,,,,
"NY CITY CENTRAL PARK, NY US",40.77898,-73.96925,42.7,2019-07-28,5.37,",,W",,,0.01,",,W,2400",0.0,",,W,2400",0.0,",,W,2400",,,88,",,W",71,",,W",,,280,",,W",290,",,W",13.0,",,W",25.1,",,W",1,",,W",,,,,,,,,,
"NY CITY CENTRAL PARK, NY US",40.77898,-73.96925,42.7,2019-07-29,4.47,",,W",,,0.00,",,W,2400",0.0,",,W,2400",0.0,",,W,2400",,,90,",,W",73,",,W",,,250,",,W",250,",,W",12.1,",,W",17.0,",,W",,,,,,,,,,,,
"NY CITY CENTRAL PARK, NY US",40.77898,-73.96925,42.7,2019-07-30,3.36,",,W",,,0.01,",,W,2400",0.0,",,W,2400",0.0,",,W,2400",,,92,",,W",78,",,W",,,230,",,W",220,",,W",12.1,",,W",19.0,",,W",,,,,1,",,W",,,,,,
"NY CITY CENTRAL PARK, NY US",40.77898,-73.96925,42.7,2019-07-31,2.91,",,W",,,0.36,",,W,2400",0.0,",,W,2400",0.0,",,W,2400",,,87,",,W",70,",,W",,,280,",,W",250,",,W",14.1,",,W",21.0,",,W",1,",,W",,,1,",,W",,,,,,
"NY CITY CENTRAL PARK, NY US",40.77898,-73.96925,42.7,2019-08-01,2.24,",,W",,,0.00,",,W,2400",0.0,",,W,2400",0.0,",,W,2400",,,87,",,W",70,",,W",,,20,",,W",30,",,W",8.9,",,W",14.1,",,W",1,",,W",,,,,,,,,,
"NY CITY CENTRAL PARK, NY US",40.77898,-73.96925,42.7,2019-08-02,3.58,",,W",,,0.00,",,W,2400",0.0,",,W,2400",0.0,",,W,2400",,,84,",,W",73,",,W",,,140,",,W",160,",,W",8.9,",,W",16.1,",,W",,,,,,,,,,,,
"NY CITY CENTRAL PARK, NY US",40.77898,-73.96925,42.7,2019-08-03,3.58,",,W",,,0.21,",,W,2400",0.0,",,W,2400",0.0,",,W,2400",,,86,",,W",68,",,W",,,360,",,W",340,",,W",18.1,",,W",25.9,",,W",1,",,W",,,1,",,W",,,,,,
"NY CITY CENTRAL PARK, NY US",40.77898,-73.96925,42.7,2019-08-04,2.68,",,W",,,0.00,",,W,2400",0.0,",,W,2400",0.0,",,W,2400",,,87,",,W",69,",,W",,,40,",,W",30,",,W",12.1,",,W",19.0,",,W",1,",,W",,,,,,,,,,
"NY CITY CENTRAL PARK, NY US",40.77898,-73.96925,42.7,2019-08-05,4.47,",,W",,,0.00,",,W,2400",0.0,",,W,2400",0.0,",,W,2400",,,82,",,W",70,",,W",,,120,",,W",150,",,W",13.0,",,W",21.9,",,W",,,,,,,,,,,,
"NY CITY CENTRAL PARK, NY US",40.77898,-73.96925,42.7,2019-08-06,3.13,",,W",,,0.04,",,W,2400",0.0,",,W,2400",0.0,",,W,2400",,,79,",,W",71,",,W",,,140,",,W",140,",,W",8.9,",,W",14.1,",,W",1,",,W",,,,,,,,,1,",,W"
"NY CITY CENTRAL PARK, NY US",40.77898,-73.96925,42.7,2019-08-07,2.68,",,W",,,1.18,",,W,2400",0.0,",,W,2400",0.0,",,W,2400",,,84,",,W",69,",,W",,,270,",,W",250,",,W",13.0,",,W",23.0,",,W",1,",,W",1,",,W",1,",,W",,,,,,
"NY CITY CENTRAL PARK, NY US",40.77898,-73.96925,42.7,2019-08-08,4.70,",,W",,,0.20,",,W,2400",0.0,",,W,2400",0.0,",,W,2400",,,84,",,W",67,",,W",,,300,",,W",300,",,W",16.1,",,W",30.0,",,W",1,",,W",,,1,",,W",,,,,1,",,W"
"NY CITY CENTRAL PARK, NY US",40.77898,-73.96925,42.7,2019-08-09,3.58,",,W",,,0.08,",,W,2400",0.0,",,W,2400",0.0,",,W,2400",,,83,",,W",68,",,W",,,300,",,W",320,",,W",14.1,",,W",23.0,",,W",1,",,W",,,1,",,W",,,,,,
"NY CITY CENTRAL PARK, NY US",40.77898,-73.96925,42.7,2019-08-10,5.14,",,W",,,0.00,",,W,2400",0.0,",,W,2400",0.0,",,W,2400",,,81,",,W",66,",,W",,,280,",,W",270,",,W",14.1,",,W",25.9,",,W",,,,,,,,,,,,
"NY CITY CENTRAL PARK, NY US",40.77898,-73.96925,42.7,2019-08-11,3.13,",,W",,,0.00,",,W,2400",0.0,",,W,2400",0.0,",,W,2400",,,80,",,W",63,",,W",,,270,",,W",250,",,W",12.1,",,W",21.0,",,W",,,,,,,,,,,,
"NY CITY CENTRAL PARK, NY US",40.77898,-73.96925,42.7,2019-08-12,3.58,",,W",,,0.00,",,W,2400",0.0,",,W,2400",0.0,",,W,2400",,,85,",,W",68,",,W",,,230,",,W",210,",,W",12.1,",,W",17.0,",,W",,,,,,,,,,,,
"NY CITY CENTRAL PARK, NY US",40.77898,-73.96925,42.7,2019-08-13,3.58,",,W",,,0.07,",,W,2400",0.0,",,W,2400",0.0,",,W,2400",,,79,",,W",71,",,W",,,230,",,W",240,",,W",10.1,",,W",18.1,",,W",1,",,W",,,,,,,,,,
"NY CITY CENTRAL PARK, NY US",40.77898,-73.96925,42.7,2019-08-14,3.58,",,W",,,0.00,"T,,W,2400",0.0,",,W,2400",0.0,",,W,2400",,,84,",,W",73,",,W",,,30,",,W",70,",,W",10.1,",,W",15.0,",,W",1,",,W",,,,,,,,,1,",,W"
"NY CITY CENTRAL PARK, NY US",40.77898,-73.96925,42.7,2019-08-15,4.03,",,W",,,0.00,",,W,2400",0.0,",,W,2400",0.0,",,W,2400",,,85,",,W",70,",,W",,,50,",,W",150,",,W",10.1,",,W",17.0,",,W",1,",,W",,,,,,,,,1,",,W"
"NY CITY CENTRAL PARK, NY US",40.77898,-73.96925,42.7,2019-08-16,2.68,",,W",,,0.00,",,W,2400",0.0,",,W,2400",0.0,",,W,2400",,,79,",,W",68,",,W",,,50,",,W",130,",,W",8.9,",,W",21.9,",,W",,,,,,,,,,,,
"NY CITY CENTRAL PARK, NY US",40.77898,-73.96925,42.7,2019-08-17,3.36,",,W",,,0.00,"T,,W,2400",0.0,",,W,2400",0.0,",,W,2400",,,87,",,W",73,",,W",,,70,",,W",40,",,W",8.9,",,W",17.0,",,W",1,",,W",,,,,,,,,,
"NY CITY CENTRAL PARK, NY US",40.77898,-73.96925,42.7,2019-08-18,2.24,",,W",,,0.64,",,W,2400",0.0,",,W,2400",0.0,",,W,2400",,,90,",,W",70,",,W",,,240,",,W",230,",,W",15.0,",,W",23.9,",,W",1,",,W",,,,,,,,,1,",,W"
"NY CITY CENTRAL PARK, NY US",40.77898,-73.96925,42.7,2019-08-19,2.91,",,W",,,0.00,",,W,2400",0.0,",,W,2400",0.0,",,W,2400",,,90,",,W",72,",,W",,,120,",,W",150,",,W",13.0,",,W",19.9,",,W",,,,,1,",,W",,,,,,
"NY CITY CENTRAL PARK, NY US",40.77898,-73.96925,42.7,2019-08-20,2.91,",,W",,,0.00,",,W,2400",0.0,",,W,2400",0.0,",,W,2400",,,88,",,W",75,",,W",,,140,",,W",140,",,W",8.9,",,W",15.0,",,W",,,,,,,,,,,,
"NY CITY CENTRAL PARK, NY US",40.77898,-73.96925,42.7,2019-08-21,2.91,",,W",,,0.10,",,W,2400",0.0,",,W,2400",0.0,",,W,2400",,,87,",,W",74,",,W",,,240,",,W",250,",,W",12.1,",,W",19.0,",,W",1,",,W",,,1,",,W",,,,,1,",,W"
"NY CITY CENTRAL PARK, NY US",40.77898,-73.96925,42.7,2019-08-22,3.80,",,W",,,1.01,",,W,2400",0.0,",,W,2400",0.0,",,W,2400",,,90,",,W",71,",,W",,,290,",,W",280,",,W",19.9,",,W",36.0,",,W",1,",,W",,,1,",,W",,,,,1,",,W"
"NY CITY CENTRAL PARK, NY US",40.77898,-73.96925,42.7,2019-08-23,3.36,",,W",,,0.09,",,W,2400",0.0,",,W,2400",0.0,",,W,2400",,,74,",,W",65,",,W",,,360,",,W",10,",,W",8.9,",,W",13.0,",,W",1,",,W",,,,,,,,,,
"NY CITY CENTRAL PARK, NY US",40.77898,-73.96925,42.7,2019-08-24,5.14,",,W",,,0.00,",,W,2400",0.0,",,W,2400",0.0,",,W,2400",,,76,",,W",64,",,W",,,50,",,W",40,",,W",14.1,",,W",21.0,",,W",,,,,,,,,,,,
"NY CITY CENTRAL PARK, NY US",40.77898,-73.96925,42.7,2019-08-25,8.95,",,W",,,0.00,",,W,2400",0.0,",,W,2400",0.0,",,W,2400",,,77,",,W",63,",,W",,,50,",,W",50,",,W",17.0,",,W",25.9,",,W",,,,,,,,,,,,
"NY CITY CENTRAL PARK, NY US",40.77898,-73.96925,42.7,2019-08-26,6.26,",,W",,,0.00,",,W,2400",0.0,",,W,2400",0.0,",,W,2400",,,74,",,W",61,",,W",,,50,",,W",50,",,W",15.0,",,W",21.0,",,W",,,,,,,,,,,,
"NY CITY CENTRAL PARK, NY US",40.77898,-73.96925,42.7,2019-08-27,3.13,",,W",,,0.00,",,W,2400",0.0,",,W,2400",0.0,",,W,2400",,,75,",,W",62,",,W",,,190,",,W",230,",,W",8.1,",,W",14.1,",,W",,,,,,,,,,,,
"NY CITY CENTRAL PARK, NY US",40.77898,-73.96925,42.7,2019-08-28,3.80,",,W",,,0.08,",,W,2400",0.0,",,W,2400",0.0,",,W,2400",,,74,",,W",67,",,W",,,60,",,W",40,",,W",10.1,",,W",15.0,",,W",1,",,W",,,,,,,,,1,",,W"
"NY CITY CENTRAL PARK, NY US",40.77898,-73.96925,42.7,2019-08-29,4.03,",,W",,,0.00,",,W,2400",0.0,",,W,2400",0.0,",,W,2400",,,81,",,W",65,",,W",,,280,",,W",290,",,W",14.1,",,W",21.9,",,W",,,,,,,,,,,,
"NY CITY CENTRAL PARK, NY US",40.77898,-73.96925,42.7,2019-08-30,4.03,",,W",,,0.00,",,W,2400",0.0,",,W,2400",0.0,",,W,2400",,,86,",,W",67,",,W",,,220,",,W",240,",,W",15.0,",,W",23.0,",,W",,,,,,,,,,,,
"NY CITY CENTRAL PARK, NY US",40.77898,-73.96925,42.7,2019-08-31,5.82,",,W",,,0.00,",,W,2400",0.0,",,W,2400",0.0,",,W,2400",,,81,",,W",69,",,W",,,50,",,W",40,",,W",13.0,",,W",19.0,",,W",,,,,,,,,,,,
"NY CITY CENTRAL PARK, NY US",40.77898,-73.96925,42.7,2019-09-01,4.47,",,W",,,0.00,",,W,2400",0.0,",,W,2400",0.0,",,W,2400",,,78,",,W",63,",,W",,,50,",,W",160,",,W",12.1,",,W",15.0,",,W",,,,,,,,,,,,
"NY CITY CENTRAL PARK, NY US",40.77898,-73.96925,42.7,2019-09-02,2.46,",,W",,,0.30,",,W,2400",0.0,",,W,2400",0.0,",,W,2400",,,74,",,W",69,",,W",,,150,",,W",140,",,W",8.9,",,W",17.0,",,W",1,",,W",,,1,",,W",,,,,,
"NY CITY CENTRAL PARK, NY US",40.77898,-73.96925,42.7,2019-09-03,3.36,",,W",,,0.00,",,W,2400",0.0,",,W,2400",0.0,",,W,2400",,,82,",,W",67,",,W",,,50,",,W",140,",,W",8.9,",,W",14.1,",,W",,,,,,,,,,,,
"NY CITY CENTRAL PARK, NY US",40.77898,-73.96925,42.7,2019-09-04,3.80,",,W",,,0.00,",,W,2400",0.0,",,W,2400",0.0,",,W,2400",,,87,",,W",68,",,W",,,350,",,W",230,",,W",12.1,",,W",19.0,",,W",,,,,1,",,W",,,,,,
"NY CITY CENTRAL PARK, NY US",40.77898,-73.96925,42.7,2019-09-05,5.14,",,W",,,0.00,",,W,2400",0.0,",,W,2400",0.0,",,W,2400",,,74,",,W",65,",,W",,,40,",,W",60,",,W",15.0,",,W",23.9,",,W",,,,,,,,,,,,
"NY CITY CENTRAL PARK, NY US",40.77898,-73.96925,42.7,2019-09-06,8.28,",,W",,,0.32,",,W,2400",0.0,",,W,2400",0.0,",,W,2400",,,67,",,W",58,",,W",,,60,",,W",60,",,W",19.9,",,W",29.1,",,W",1,",,W",,,,,,,,,1,",,W"
"NY CITY CENTRAL PARK, NY US",40.77898,-73.96925,42.7,2019-09-07,4.47,",,W",,,0.02,",,W,2400",0.0,",,W,2400",0.0,",,W,2400",,,75,",,W",56,",,W",,,340,",,W",320,",,W",14.1,",,W",23.0,",,W",1,",,W",,,,,,,,,,
"NY CITY CENTRAL PARK, NY US",40.77898,-73.96925,42.7,2019-09-08,2.24,",,W",,,0.00,",,W,2400",0.0,",,W,2400",0.0,",,W,2400",,,77,",,W",63,",,W",,,50,",,W",40,",,W",13.0,",,W",15.0,",,W",,,,,,,,,,,,
"NY CITY CENTRAL PARK, NY US",40.77898,-73.96925,42.7,2019-09-09,4.47,",,W",,,0.00,"T,,W,2400",0.0,",,W,2400",0.0,",,W,2400",,,78,",,W",64,",,W",,,50,",,W",50,",,W",12.1,",,W",15.0,",,W",,,,,,,,,,,,
"NY CITY CENTRAL PARK, NY US",40.77898,-73.96925,42.7,2019-09-10,2.91,",,W",,,0.01,",,W,2400",0.0,",,W,2400",0.0,",,W,2400",,,76,",,W",66,",,W",,,180,",,W",210,",,W",12.1,",,W",21.0,",,W",1,",,W",,,,,,,,,,
"NY CITY CENTRAL PARK, NY US",40.77898,-73.96925,42.7,2019-09-11,5.14,",,W",,,0.00,",,W,2400",0.0,",,W,2400",0.0,",,W,2400",,,88,",,W",69,",,W",,,240,",,W",270,",,W",13.0,",,W",21.0,",,W",,,,,,,,,,,,
"NY CITY CENTRAL PARK, NY US",40.77898,-73.96925,42.7,2019-09-12,4.92,",,W",,,0.17,",,W,2400",0.0,",,W,2400",0.0,",,W,2400",,,81,",,W",61,",,W",,,60,",,W",40,",,W",14.1,",,W",19.0,",,W",1,",,W",,,,,,,,,1,",,W"
"NY CITY CENTRAL PARK, NY US",40.77898,-73.96925,42.7,2019-09-13,6.49,",,W",,,0.00,",,W,2400",0.0,",,W,2400",0.0,",,W,2400",,,72,",,W",57,",,W",,,50,",,W",50,",,W",16.1,",,W",21.0,",,W",,,,,,,,,,,,
"NY CITY CENTRAL PARK, NY US",40.77898,-73.96925,42.7,2019-09-14,2.91,",,W",,,0.00,",,W,2400",0.0,",,W,2400",0.0,",,W,2400",,,74,",,W",61,",,W",,,160,",,W",150,",,W",8.9,",,W",18.1,",,W",,,,,,,,,,,,
"NY CITY CENTRAL PARK, NY US",40.77898,-73.96925,42.7,2019-09-15,2.24,",,W",,,0.00,",,W,2400",0.0,",,W,2400",0.0,",,W,2400",,,82,",,W",68,",,W",,,280,",,W",270,",,W",8.9,",,W",14.1,",,W",,,,,,,,,,,,
"NY CITY CENTRAL PARK, NY US",40.77898,-73.96925,42.7,2019-09-16,2.01,",,W",,,0.00,"T,,W,2400",0.0,",,W,2400",0.0,",,W,2400",,,77,",,W",68,",,W",,,60,",,W",60,",,W",12.1,",,W",15.0,",,W",,,,,,,,,,,,
"NY CITY CENTRAL PARK, NY US",40.77898,-73.96925,42.7,2019-09-17,5.59,",,W",,,0.00,",,W,2400",0.0,",,W,2400",0.0,",,W,2400",,,76,",,W",62,",,W",,,50,",,W",40,",,W",16.1,",,W",21.9,",,W",,,,,,,,,,,,
"NY CITY CENTRAL PARK, NY US",40.77898,-73.96925,42.7,2019-09-18,6.49,",,W",,,0.00,",,W,2400",0.0,",,W,2400",0.0,",,W,2400",,,69,",,W",57,",,W",,,50,",,W",60,",,W",13.0,",,W",18.1,",,W",,,,,,,,,,,,
"NY CITY CENTRAL PARK, NY US",40.77898,-73.96925,42.7,2019-09-19,2.91,",,W",,,0.00,",,W,2400",0.0,",,W,2400",0.0,",,W,2400",,,70,",,W",52,",,W",,,40,",,W",40,",,W",8.9,",,W",13.0,",,W",,,,,,,,,,,,
"NY CITY CENTRAL PARK, NY US",40.77898,-73.96925,42.7,2019-09-20,4.70,",,W",,,0.00,",,W,2400",0.0,",,W,2400",0.0,",,W,2400",,,78,",,W",56,",,W",,,270,",,W",260,",,W",10.1,",,W",17.0,",,W",,,,,,,,,,,,
"NY CITY CENTRAL PARK, NY US",40.77898,-73.96925,42.7,2019-09-21,2.68,",,W",,,0.00,",,W,2400",0.0,",,W,2400",0.0,",,W,2400",,,84,",,W",61,",,W",,,240,",,W",220,",,W",6.9,",,W",13.0,",,W",,,,,,,,,,,,
"NY CITY CENTRAL PARK, NY US",40.77898,-73.96925,42.7,2019-09-22,3.58,",,W",,,0.00,",,W,2400",0.0,",,W,2400",0.0,",,W,2400",,,86,",,W",67,",,W",,,220,",,W",220,",,W",10.1,",,W",17.0,",,W",,,,,,,,,,,1,",,W"
"NY CITY CENTRAL PARK, NY US",40.77898,-73.96925,42.7,2019-09-23,5.37,",,W",,,0.11,",,W,2400",0.0,",,W,2400",0.0,",,W,2400",,,89,",,W",70,",,W",,,280,",,W",240,",,W",13.0,",,W",21.9,",,W",1,",,W",,,,,,,,,,
"NY CITY CENTRAL PARK, NY US",40.77898,-73.96925,42.7,2019-09-24,5.82,",,W",,,0.00,",,W,2400",0.0,",,W,2400",0.0,",,W,2400",,,76,",,W",63,",,W",,,280,",,W",270,",,W",15.0,",,W",23.0,",,W",,,,,,,,,,,,
"NY CITY CENTRAL PARK, NY US",40.77898,-73.96925,42.7,2019-09-25,3.36,",,W",,,0.00,",,W,2400",0.0,",,W,2400",0.0,",,W,2400",,,79,",,W",58,",,W",,,250,",,W",270,",,W",8.9,",,W",15.0,",,W",,,,,,,,,,,,
"NY CITY CENTRAL PARK, NY US",40.77898,-73.96925,42.7,2019-09-26,3.58,",,W",,,0.02,",,W,2400",0.0,",,W,2400",0.0,",,W,2400",,,83,",,W",63,",,W",,,300,",,W",300,",,W",15.0,",,W",25.1,",,W",1,",,W",,,,,,,,,,
"NY CITY CENTRAL PARK, NY US",40.77898,-73.96925,42.7,2019-09-27,3.58,",,W",,,0.00,",,W,2400",0.0,",,W,2400",0.0,",,W,2400",,,76,",,W",59,",,W",,,140,",,W",160,",,W",10.1,",,W",17.0,",,W",,,,,,,,,,,,
"NY CITY CENTRAL PARK, NY US",40.77898,-73.96925,42.7,2019-09-28,2.91,",,W",,,0.00,",,W,2400",0.0,",,W,2400",0.0,",,W,2400",,,82,",,W",65,",,W",,,220,",,W",210,",,W",8.9,",,W",15.0,",,W",,,,,,,,,,,,
"NY CITY CENTRAL PARK, NY US",40.77898,-73.96925,42.7,2019-09-29,6.26,",,W",,,0.00,",,W,2400",0.0,",,W,2400",0.0,",,W,2400",,,80,",,W",65,",,W",,,60,",,W",20,",,W",14.1,",,W",23.9,",,W",,,,,,,,,,,,
"NY CITY CENTRAL PARK, NY US",40.77898,-73.96925,42.7,2019-09-30,6.93,",,W",,,0.00,",,W,2400",0.0,",,W,2400",0.0,",,W,2400",,,71,",,W",60,",,W",,,50,",,W",60,",,W",14.1,",,W",21.0,",,W",,,,,,,,,,,,
"NY CITY CENTRAL PARK, NY US",40.77898,-73.96925,42.7,2019-10-01,3.80,",,W",,,0.00,",,W,2400",0.0,",,W,2400",0.0,",,W,2400",,,81,",,W",63,",,W",,,220,",,W",220,",,W",13.0,",,W",23.9,",,W",,,,,,,,,,,,
"NY CITY CENTRAL PARK, NY US",40.77898,-73.96925,42.7,2019-10-02,6.49,",,W",,,0.03,",,W,2400",0.0,",,W,2400",0.0,",,W,2400",,,93,",,W",63,",,W",,,240,",,W",230,",,W",14.1,",,W",21.9,",,W",1,",,W",,,,,,,,,,
"NY CITY CENTRAL PARK, NY US",40.77898,-73.96925,42.7,2019-10-03,6.26,",,W",,,0.34,",,W,2400",0.0,",,W,2400",0.0,",,W,2400",,,63,",,W",53,",,W",,,50,",,W",30,",,W",15.0,",,W",23.0,",,W",1,",,W",,,,,,,,,,
"NY CITY CENTRAL PARK, NY US",40.77898,-73.96925,42.7,2019-10-04,6.93,",,W",,,0.00,"T,,W,2400",0.0,",,W,2400",0.0,",,W,2400",,,66,",,W",50,",,W",,,40,",,W",50,",,W",18.1,",,W",28.0,",,W",1,",,W",,,,,,,,,,
"NY CITY CENTRAL PARK, NY US",40.77898,-73.96925,42.7,2019-10-05,4.92,",,W",,,0.00,",,W,2400",0.0,",,W,2400",0.0,",,W,2400",,,61,",,W",45,",,W",,,30,",,W",20,",,W",13.0,",,W",21.9,",,W",,,,,,,,,,,,
"NY CITY CENTRAL PARK, NY US",40.77898,-73.96925,42.7,2019-10-06,2.91,",,W",,,0.01,",,W,2400",0.0,",,W,2400",0.0,",,W,2400",,,70,",,W",57,",,W",,,160,",,W",200,",,W",10.1,",,W",19.0,",,W",,,,,,,,,,,,
"NY CITY CENTRAL PARK, NY US",40.77898,-73.96925,42.7,2019-10-07,4.03,",,W",,,0.20,",,W,2400",0.0,",,W,2400",0.0,",,W,2400",,,79,",,W",59,",,W",,,260,",,W",230,",,W",13.0,",,W",21.9,",,W",1,",,W",,,,,,,,,,
"NY CITY CENTRAL PARK, NY US",40.77898,-73.96925,42.7,2019-10-08,7.83,",,W",,,0.02,",,W,2400",0.0,",,W,2400",0.0,",,W,2400",,,64,",,W",57,",,W",,,50,",,W",40,",,W",16.1,",,W",25.9,",,W",1,",,W",,,,,,,,,,
"NY CITY CENTRAL PARK, NY US",40.77898,-73.96925,42.7,2019-10-09,10.51,",,W",,,0.54,",,W,2400",0.0,",,W,2400",0.0,",,W,2400",,,59,",,W",51,",,W",,,40,",,W",30,",,W",17.0,",,W",25.9,",,W",1,",,W",,,,,,,,,,
"NY CITY CENTRAL PARK, NY US",40.77898,-73.96925,42.7,2019-10-10,9.62,",,W",,,0.00,"T,,W,2400",0.0,",,W,2400",0.0,",,W,2400",,,71,",,W",53,",,W",,,60,",,W",50,",,W",17.0,",,W",28.0,",,W",,,,,,,,,,,,
"NY CITY CENTRAL PARK, NY US",40.77898,-73.96925,42.7,2019-10-11,9.17,",,W",,,0.00,",,W,2400",0.0,",,W,2400",0.0,",,W,2400",,,64,",,W",55,",,W",,,50,",,W",50,",,W",19.9,",,W",29.1,",,W",,,,,,,,,,,,
"NY CITY CENTRAL PARK, NY US",40.77898,-73.96925,42.7,2019-10-12,3.58,",,W",,,0.00,",,W,2400",0.0,",,W,2400",0.0,",,W,2400",,,67,",,W",55,",,W",,,40,",,W",20,",,W",12.1,",,W",16.1,",,W",,,,,,,,,,,,
"NY CITY CENTRAL PARK, NY US",40.77898,-73.96925,42.7,2019-10-13,2.01,",,W",,,0.00,"T,,W,2400",0.0,",,W,2400",0.0,",,W,2400",,,67,",,W",53,",,W",,,50,",,W",280,",,W",8.1,",,W",12.1,",,W",,,,,,,,,,,,
"NY CITY CENTRAL PARK, NY US",40.77898,-73.96925,42.7,2019-10-14,4.03,",,W",,,0.00,",,W,2400",0.0,",,W,2400",0.0,",,W,2400",,,72,",,W",58,",,W",,,240,",,W",230,",,W",15.0,",,W",23.0,",,W",,,,,,,,,,,,
"NY CITY CENTRAL PARK, NY US",40.77898,-73.96925,42.7,2019-10-15,2.91,",,W",,,0.00,",,W,2400",0.0,",,W,2400",0.0,",,W,2400",,,64,",,W",51,",,W",,,50,",,W",50,",,W",8.9,",,W",13.0,",,W",,,,,,,,,,,,
"NY CITY CENTRAL PARK, NY US",40.77898,-73.96925,42.7,2019-10-16,6.49,",,W",,,1.83,",,W,2400",0.0,",,W,2400",0.0,",,W,2400",,,66,",,W",52,",,W",,,280,",,W",270,",,W",21.0,",,W",38.9,",,W",1,",,W",,,,,,,,,,
"NY CITY CENTRAL PARK, NY US",40.77898,-73.96925,42.7,2019-10-17,11.63,",,W",,,0.00,",,W,2400",0.0,",,W,2400",0.0,",,W,2400",,,57,",,W",51,",,W",,,270,",,W",270,",,W",23.0,",,W",40.9,",,W",,,,,,,,,,,,
"NY CITY CENTRAL PARK, NY US",40.77898,-73.96925,42.7,2019-10-18,8.72,",,W",,,0.00,",,W,2400",0.0,",,W,2400",0.0,",,W,2400",,,58,",,W",47,",,W",,,300,",,W",290,",,W",17.0,",,W",31.1,",,W",,,,,,,,,,,,
"NY CITY CENTRAL PARK, NY US",40.77898,-73.96925,42.7,2019-10-19,2.68,",,W",,,0.00,",,W,2400",0.0,",,W,2400",0.0,",,W,2400",,,60,",,W",43,",,W",,,240,",,W",240,",,W",8.9,",,W",13.0,",,W",,,,,,,,,,,,
"NY CITY CENTRAL PARK, NY US",40.77898,-73.96925,42.7,2019-10-20,4.47,",,W",,,0.54,",,W,2400",0.0,",,W,2400",0.0,",,W,2400",,,59,",,W",49,",,W",,,40,",,W",50,",,W",14.1,",,W",19.0,",,W",1,",,W",,,,,,,,,,
"NY CITY CENTRAL PARK, NY US",40.77898,-73.96925,42.7,2019-10-21,4.03,",,W",,,0.00,"T,,W,2400",0.0,",,W,2400",0.0,",,W,2400",,,67,",,W",51,",,W",,,40,",,W",20,",,W",12.1,",,W",18.1,",,W",,,,,,,,,,,,
"NY CITY CENTRAL PARK, NY US",40.77898,-73.96925,42.7,2019-10-22,4.47,",,W",,,0.57,",,W,2400",0.0,",,W,2400",0.0,",,W,2400",,,63,",,W",55,",,W",,,140,",,W",140,",,W",13.0,",,W",21.9,",,W",1,",,W",,,,,,,,,1,",,W"
"NY CITY CENTRAL PARK, NY US",40.77898,-73.96925,42.7,2019-10-23,6.26,",,W",,,0.01,",,W,2400",0.0,",,W,2400",0.0,",,W,2400",,,65,",,W",54,",,W",,,280,",,W",280,",,W",15.0,",,W",23.0,",,W",1,",,W",,,,,,,,,,
"NY CITY CENTRAL PARK, NY US",40.77898,-73.96925,42.7,2019-10-24,3.13,",,W",,,0.00,",,W,2400",0.0,",,W,2400",0.0,",,W,2400",,,67,",,W",50,",,W",,,250,",,W",230,",,W",12.1,",,W",21.0,",,W",,,,,,,,,,,,
"NY CITY CENTRAL PARK, NY US",40.77898,-73.96925,42.7,2019-10-25,2.91,",,W",,,0.00,",,W,2400",0.0,",,W,2400",0.0,",,W,2400",,,65,",,W",52,",,W",,,240,",,W",230,",,W",10.1,",,W",17.0,",,W",,,,,,,,,,,,
"NY CITY CENTRAL PARK, NY US",40.77898,-73.96925,42.7,2019-10-26,3.36,",,W",,,0.01,",,W,2400",0.0,",,W,2400",0.0,",,W,2400",,,63,",,W",52,",,W",,,40,",,W",40,",,W",12.1,",,W",17.0,",,W",,,,,,,,,,,,
"NY CITY CENTRAL PARK, NY US",40.77898,-73.96925,42.7,2019-10-27,4.92,",,W",,,1.38,",,W,2400",0.0,",,W,2400",0.0,",,W,2400",,,67,",,W",55,",,W",,,140,",,W",120,",,W",14.1,",,W",25.1,",,W",1,",,W",,,,,,,,,,
"NY CITY CENTRAL PARK, NY US",40.77898,-73.96925,42.7,2019-10-28,3.58,",,W",,,0.00,",,W,2400",0.0,",,W,2400",0.0,",,W,2400",,,63,",,W",55,",,W",,,40,",,W",40,",,W",13.0,",,W",18.1,",,W",1,",,W",,,,,,,,,1,",,W"
"NY CITY CENTRAL PARK, NY US",40.77898,-73.96925,42.7,2019-10-29,4.03,",,W",,,0.07,",,W,2400",0.0,",,W,2400",0.0,",,W,2400",,,59,",,W",54,",,W",,,70,",,W",120,",,W",8.9,",,W",14.1,",,W",1,",,W",,,,,,,,,,
"NY CITY CENTRAL PARK, NY US",40.77898,-73.96925,42.7,2019-10-30,3.13,",,W",,,0.06,",,W,2400",0.0,",,W,2400",0.0,",,W,2400",,,63,",,W",58,",,W",,,60,",,W",40,",,W",10.1,",,W",15.0,",,W",1,",,W",,,,,,,,,,
"NY CITY CENTRAL PARK, NY US",40.77898,-73.96925,42.7,2019-10-31,5.14,",,W",,,0.54,",,W,2400",0.0,",,W,2400",0.0,",,W,2400",,,71,",,W",60,",,W",,,240,",,W",140,",,W",15.0,",,W",28.0,",,W",1,",,W",,,,,,,,,,
"NY CITY CENTRAL PARK, NY US",40.77898,-73.96925,42.7,2019-11-01,9.40,",,W",,,0.11,",,W,2400",0.0,",,W,2400",0.0,",,W,2400",,,71,",,W",42,",,W",,,280,",,W",280,",,W",21.9,",,W",35.1,",,W",1,",,W",,,,,,,,,,
"NY CITY CENTRAL PARK, NY US",40.77898,-73.96925,42.7,2019-11-02,3.80,",,W",,,0.00,",,W,2400",0.0,",,W,2400",0.0,",,W,2400",,,53,",,W",40,",,W",,,280,",,W",280,",,W",10.1,",,W",17.0,",,W",,,,,,,,,,,,
"NY CITY CENTRAL PARK, NY US",40.77898,-73.96925,42.7,2019-11-03,4.92,",,W",,,0.00,",,W,2400",0.0,",,W,2400",0.0,",,W,2400",,,54,",,W",42,",,W",,,280,",,W",290,",,W",13.0,",,W",18.1,",,W",,,,,,,,,,,,
"NY CITY CENTRAL PARK, NY US",40.77898,-73.96925,42.7,2019-11-04,3.13,",,W",,,0.00,",,W,2400",0.0,",,W,2400",0.0,",,W,2400",,,56,",,W",41,",,W",,,150,",,W",180,",,W",13.0,",,W",21.0,",,W",,,,,,,,,,,,
"NY CITY CENTRAL PARK, NY US",40.77898,-73.96925,42.7,2019-11-05,2.91,",,W",,,0.00,",,W,2400",0.0,",,W,2400",0.0,",,W,2400",,,61,",,W",51,",,W",,,280,",,W",240,",,W",10.1,",,W",18.1,",,W",,,,,,,,,,,,
"NY CITY CENTRAL PARK, NY US",40.77898,-73.96925,42.7,2019-11-06,4.92,",,W",,,0.00,",,W,2400",0.0,",,W,2400",0.0,",,W,2400",,,54,",,W",45,",,W",,,250,",,W",300,",,W",12.1,",,W",18.1,",,W",,,,,,,,,,,,
"NY CITY CENTRAL PARK, NY US",40.77898,-73.96925,42.7,2019-11-07,4.70,",,W",,,0.10,",,W,2400",0.0,",,W,2400",0.0,",,W,2400",,,57,",,W",41,",,W",,,220,",,W",230,",,W",13.0,",,W",19.0,",,W",1,",,W",,,,,,,,,,
"NY CITY CENTRAL PARK, NY US",40.77898,-73.96925,42.7,2019-11-08,7.61,",,W",,,0.00,",,W,2400",0.0,",,W,2400",0.0,",,W,2400",,,41,",,W",29,",,W",,,300,",,W",300,",,W",18.1,",,W",30.0,",,W",,,,,,,,,,,,
"NY CITY CENTRAL PARK, NY US",40.77898,-73.96925,42.7,2019-11-09,3.13,",,W",,,0.00,",,W,2400",0.0,",,W,2400",0.0,",,W,2400",,,41,",,W",27,",,W",,,230,",,W",210,",,W",12.1,",,W",21.0,",,W",,,,,,,,,,,,
"NY CITY CENTRAL PARK, NY US",40.77898,-73.96925,42.7,2019-11-10,3.80,",,W",,,0.00,",,W,2400",0.0,",,W,2400",0.0,",,W,2400",,,51,",,W",38,",,W",,,240,",,W",210,",,W",14.1,",,W",21.0,",,W",,,,,,,,,,,,
"NY CITY CENTRAL PARK, NY US",40.77898,-73.96925,42.7,2019-11-11,2.46,",,W",,,0.00,",,W,2400",0.0,",,W,2400",0.0,",,W,2400",,,62,",,W",46,",,W",,,140,",,W",270,",,W",10.1,",,W",21.9,",,W",,,,,,,,,,,,
"NY CITY CENTRAL PARK, NY US",40.77898,-73.96925,42.7,2019-11-12,9.40,",,W",,,0.04,",,W,2400",0.0,",,W,2400",0.0,",,W,2400",,,57,",,W",25,",,W",,,290,",,W",310,",,W",17.0,",,W",29.1,",,W",1,",,W",,,,,,,,,,
"NY CITY CENTRAL PARK, NY US",40.77898,-73.96925,42.7,2019-11-13,5.37,",,W",,,0.00,",,W,2400",0.0,",,W,2400",0.0,",,W,2400",,,34,",,W",23,",,W",,,300,",,W",300,",,W",18.1,",,W",29.1,",,W",,,,,,,,,,,,
"NY CITY CENTRAL PARK, NY US",40.77898,-73.96925,42.7,2019-11-14,4.25,",,W",,,0.00,",,W,2400",0.0,",,W,2400",0.0,",,W,2400",,,45,",,W",28,",,W",,,260,",,W",230,",,W",12.1,",,W",19.9,",,W",,,,,,,,,,,,
"NY CITY CENTRAL PARK, NY US",40.77898,-73.96925,42.7,2019-11-15,4.25,",,W",,,0.00,",,W,2400",0.0,",,W,2400",0.0,",,W,2400",,,51,",,W",37,",,W",,,300,",,W",290,",,W",12.1,",,W",18.1,",,W",,,,,,,,,,,,
"NY CITY CENTRAL PARK, NY US",40.77898,-73.96925,42.7,2019-11-16,10.29,",,W",,,0.00,",,W,2400",0.0,",,W,2400",0.0,",,W,2400",,,42,",,W",31,",,W",,,60,",,W",50,",,W",19.9,",,W",32.0,",,W",,,,,,,,,,,,
"NY CITY CENTRAL PARK, NY US",40.77898,-73.96925,42.7,2019-11-17,10.51,",,W",,,0.00,",,W,2400",0.0,",,W,2400",0.0,",,W,2400",,,43,",,W",30,",,W",,,50,",,W",60,",,W",19.9,",,W",28.0,",,W",,,,,,,,,,,,
"NY CITY CENTRAL PARK, NY US",40.77898,-73.96925,42.7,2019-11-18,6.04,",,W",,,0.48,",,W,2400",0.0,",,W,2400",0.0,",,W,2400",,,42,",,W",37,",,W",,,40,",,W",50,",,W",15.0,",,W",23.0,",,W",1,",,W",,,,,,,,,1,",,W"
"NY CITY CENTRAL PARK, NY US",40.77898,-73.96925,42.7,2019-11-19,4.47,",,W",,,0.18,",,W,2400",0.0,",,W,2400",0.0,",,W,2400",,,48,",,W",40,",,W",,,360,",,W",270,",,W",12.1,",,W",16.1,",,W",1,",,W",,,,,,,,,,
"NY CITY CENTRAL PARK, NY US",40.77898,-73.96925,42.7,2019-11-20,5.14,",,W",,,0.00,",,W,2400",0.0,",,W,2400",0.0,",,W,2400",,,49,",,W",40,",,W",,,300,",,W",300,",,W",16.1,",,W",25.1,",,W",,,,,,,,,,,,
"NY CITY CENTRAL PARK, NY US",40.77898,-73.96925,42.7,2019-11-21,4.47,",,W",,,0.00,",,W,2400",0.0,",,W,2400",0.0,",,W,2400",,,53,",,W",39,",,W",,,220,",,W",210,",,W",12.1,",,W",19.0,",,W",,,,,,,,,,,,
"NY CITY CENTRAL PARK, NY US",40.77898,-73.96925,42.7,2019-11-22,7.38,",,W",,,0.07,",,W,2400",0.0,",,W,2400",0.0,",,W,2400",,,53,",,W",38,",,W",,,310,",,W",270,",,W",18.1,",,W",34.0,",,W",1,",,W",,,,,,,,,,
"NY CITY CENTRAL PARK, NY US",40.77898,-73.96925,42.7,2019-11-23,4.25,",,W",,,0.03,",,W,2400",0.0,",,W,2400",0.0,",,W,2400",,,45,",,W",34,",,W",,,270,",,W",280,",,W",12.1,",,W",18.1,",,W",,,,,,,,,,,,
"NY CITY CENTRAL PARK, NY US",40.77898,-73.96925,42.7,2019-11-24,8.05,",,W",,,0.90,",,W,2400",0.0,",,W,2400",0.0,",,W,2400",,,46,",,W",40,",,W",,,280,",,W",290,",,W",17.0,",,W",29.1,",,W",1,",,W",,,,,,,,,,
"NY CITY CENTRAL PARK, NY US",40.77898,-73.96925,42.7,2019-11-25,5.14,",,W",,,0.00,",,W,2400",0.0,",,W,2400",0.0,",,W,2400",,,53,",,W",39,",,W",,,260,",,W",270,",,W",13.0,",,W",19.0,",,W",,,,,,,,,,,,
"NY CITY CENTRAL PARK, NY US",40.77898,-73.96925,42.7,2019-11-26,4.25,",,W",,,0.00,",,W,2400",0.0,",,W,2400",0.0,",,W,2400",,,61,",,W",44,",,W",,,220,",,W",240,",,W",10.1,",,W",18.1,",,W",,,,,,,,,,,,
"NY CITY CENTRAL PARK, NY US",40.77898,-73.96925,42.7,2019-11-27,4.25,",,W",,,0.04,",,W,2400",0.0,",,W,2400",0.0,",,W,2400",,,59,",,W",49,",,W",,,280,",,W",260,",,W",21.9,",,W",35.1,",,W",,,,,,,,,,,,
"NY CITY CENTRAL PARK, NY US",40.77898,-73.96925,42.7,2019-11-28,11.41,",,W",,,0.00,"T,,W,2400",0.0,",,W,2400",0.0,",,W,2400",,,53,",,W",37,",,W",,,300,",,W",310,",,W",23.0,",,W",36.9,",,W",,,,,,,,,,,,
"NY CITY CENTRAL PARK, NY US",40.77898,-73.96925,42.7,2019-11-29,6.26,",,W",,,0.00,",,W,2400",0.0,",,W,2400",0.0,",,W,2400",,,40,",,W",30,",,W",,,300,",,W",360,",,W",14.1,",,W",23.9,",,W",,,,,,,,,,,,
"NY CITY CENTRAL PARK, NY US",40.77898,-73.96925,42.7,2019-11-30,4.25,",,W",,,0.00,",,W,2400",0.0,",,W,2400",0.0,",,W,2400",,,43,",,W",31,",,W",,,340,",,W",330,",,W",13.0,",,W",17.0,",,W",,,,,,,,,,,,
"NY CITY CENTRAL PARK, NY US",40.77898,-73.96925,42.7,2019-12-01,9.84,",,W",,,0.62,",,W,2400",0.0,"T,,W,2400",0.0,",,W,2400",,,39,",,W",30,",,W",,,50,",,W",80,",,W",23.0,",,W",35.1,",,W",1,",,W",,,,,,,1,",,W",,
"NY CITY CENTRAL PARK, NY US",40.77898,-73.96925,42.7,2019-12-02,8.50,",,W",,,0.48,",,W,2400",1.3,",,W,2400",0.0,",,W,2400",,,37,",,W",31,",,W",,,40,",,W",30,",,W",19.9,",,W",30.0,",,W",1,",,W",,,,,,,,,,
"NY CITY CENTRAL PARK, NY US",40.77898,-73.96925,42.7,2019-12-03,7.16,",,W",,,0.02,",,W,2400",0.3,",,W,2400",1.2,",,W,2400",,,36,",,W",30,",,W",,,310,",,W",280,",,W",17.0,",,W",30.0,",,W",1,",,W",,,,,,,,,,
"NY CITY CENTRAL PARK, NY US",40.77898,-73.96925,42.7,2019-12-04,5.37,",,W",,,0.00,"T,,W,2400",0.0,",,W,2400",0.0,",,W,2400",,,39,",,W",32,",,W",,,250,",,W",220,",,W",13.0,",,W",19.9,",,W",,,,,,,,,,,1,",,W"
"NY CITY CENTRAL PARK, NY US",40.77898,-73.96925,42.7,2019-12-05,9.40,",,W",,,0.00,",,W,2400",0.0,",,W,2400",0.0,",,W,2400",,,42,",,W",36,",,W",,,270,",,W",280,",,W",19.9,",,W",33.1,",,W",,,,,,,,,,,,
"NY CITY CENTRAL PARK, NY US",40.77898,-73.96925,42.7,2019-12-06,7.38,",,W",,,0.00,",,W,2400",0.0,",,W,2400",0.0,",,W,2400",,,50,",,W",34,",,W",,,300,",,W",300,",,W",19.9,",,W",30.0,",,W",,,,,,,,,,,,
"NY CITY CENTRAL PARK, NY US",40.77898,-73.96925,42.7,2019-12-07,6.93,",,W",,,0.00,",,W,2400",0.0,",,W,2400",0.0,",,W,2400",,,38,",,W",30,",,W",,,300,",,W",290,",,W",15.0,",,W",23.0,",,W",,,,,,,,,,,,
"NY CITY CENTRAL PARK, NY US",40.77898,-73.96925,42.7,2019-12-08,2.68,",,W",,,0.00,",,W,2400",0.0,",,W,2400",0.0,",,W,2400",,,46,",,W",28,",,W",,,180,",,W",150,",,W",10.1,",,W",19.0,",,W",,,,,,,,,,,,
"NY CITY CENTRAL PARK, NY US",40.77898,-73.96925,42.7,2019-12-09,4.47,",,W",,,1.57,",,W,2400",0.0,",,W,2400",0.0,",,W,2400",,,55,",,W",42,",,W",,,240,",,W",250,",,W",14.1,",,W",23.9,",,W",1,",,W",,,,,,,,,,
"NY CITY CENTRAL PARK, NY US",40.77898,-73.96925,42.7,2019-12-10,6.93,",,W",,,0.13,",,W,2400",0.0,",,W,2400",0.0,",,W,2400",,,58,",,W",39,",,W",,,280,",,W",270,",,W",17.0,",,W",28.0,",,W",1,",,W",,,,,,,,,,
"NY CITY CENTRAL PARK, NY US",40.77898,-73.96925,42.7,2019-12-11,6.26,",,W",,,0.26,",,W,2400",0.2,",,W,2400",0.0,"T,,W,2400",,,40,",,W",31,",,W",,,270,",,W",240,",,W",17.0,",,W",29.1,",,W",1,",,W",,,,,,,,,,
"NY CITY CENTRAL PARK, NY US",40.77898,-73.96925,42.7,2019-12-12,4.70,",,W",,,0.00,",,W,2400",0.0,",,W,2400",0.0,",,W,2400",,,36,",,W",26,",,W",,,340,",,W",340,",,W",15.0,",,W",19.9,",,W",,,,,,,,,,,,
"NY CITY CENTRAL PARK, NY US",40.77898,-73.96925,42.7,2019-12-13,5.82,",,W",,,0.81,",,W,2400",0.0,",,W,2400",0.0,",,W,2400",,,48,",,W",33,",,W",,,50,",,W",60,",,W",14.1,",,W",18.1,",,W",1,",,W",,,,,,,,,1,",,W"
"NY CITY CENTRAL PARK, NY US",40.77898,-73.96925,42.7,2019-12-14,6.04,",,W",,,1.16,",,W,2400",0.0,",,W,2400",0.0,",,W,2400",,,56,",,W",45,",,W",,,250,",,W",230,",,W",19.9,",,W",30.0,",,W",1,",,W",,,,,,,,,,
"NY CITY CENTRAL PARK, NY US",40.77898,-73.96925,42.7,2019-12-15,9.62,",,W",,,0.00,",,W,2400",0.0,",,W,2400",0.0,",,W,2400",,,49,",,W",37,",,W",,,270,",,W",280,",,W",21.0,",,W",38.9,",,W",,,,,,,,,,,,
"NY CITY CENTRAL PARK, NY US",40.77898,-73.96925,42.7,2019-12-16,3.80,",,W",,,0.10,",,W,2400",0.0,",,W,2400",0.0,",,W,2400",,,37,",,W",33,",,W",,,310,",,W",260,",,W",12.1,",,W",19.9,",,W",1,",,W",,,,,,,1,",,W",,
"NY CITY CENTRAL PARK, NY US",40.77898,-73.96925,42.7,2019-12-17,8.72,",,W",,,0.90,",,W,2400",0.0,",,W,2400",0.0,",,W,2400",,,35,",,W",32,",,W",,,60,",,W",50,",,W",17.0,",,W",25.9,",,W",1,",,W",,,,,,,1,",,W",,
"NY CITY CENTRAL PARK, NY US",40.77898,-73.96925,42.7,2019-12-18,8.95,",,W",,,0.03,",,W,2400",0.7,",,W,2400",0.0,",,W,2400",,,36,",,W",21,",,W",,,300,",,W",310,",,W",19.9,",,W",31.1,",,W",1,",,W",,,,,,,,,1,",,W"
"NY CITY CENTRAL PARK, NY US",40.77898,-73.96925,42.7,2019-12-19,10.51,",,W",,,0.00,",,W,2400",0.0,",,W,2400",0.0,"T,,W,2400",,,25,",,W",16,",,W",,,280,",,W",270,",,W",19.9,",,W",32.0,",,W",,,,,,,,,,,,
"NY CITY CENTRAL PARK, NY US",40.77898,-73.96925,42.7,2019-12-20,6.04,",,W",,,0.00,",,W,2400",0.0,",,W,2400",0.0,"T,,W,2400",,,33,",,W",22,",,W",,,360,",,W",290,",,W",12.1,",,W",18.1,",,W",,,,,,,,,,,,
"NY CITY CENTRAL PARK, NY US",40.77898,-73.96925,42.7,2019-12-21,2.91,",,W",,,0.00,",,W,2400",0.0,",,W,2400",0.0,",,W,2400",,,35,",,W",23,",,W",,,20,",,W",10,",,W",13.0,",,W",19.9,",,W",,,,,,,,,,,,
"NY CITY CENTRAL PARK, NY US",40.77898,-73.96925,42.7,2019-12-22,4.70,",,W",,,0.00,",,W,2400",0.0,",,W,2400",0.0,",,W,2400",,,46,",,W",30,",,W",,,220,",,W",230,",,W",14.1,",,W",21.0,",,W",,,,,,,,,,,1,",,W"
"NY CITY CENTRAL PARK, NY US",40.77898,-73.96925,42.7,2019-12-23,4.70,",,W",,,0.00,",,W,2400",0.0,",,W,2400",0.0,",,W,2400",,,57,",,W",41,",,W",,,240,",,W",240,",,W",14.1,",,W",21.0,",,W",,,,,,,,,,,,
"NY CITY CENTRAL PARK, NY US",40.77898,-73.96925,42.7,2019-12-24,5.82,",,W",,,0.00,",,W,2400",0.0,",,W,2400",0.0,",,W,2400",,,47,",,W",36,",,W",,,360,",,W",30,",,W",15.0,",,W",21.0,",,W",,,,,,,,,,,,
"NY CITY CENTRAL PARK, NY US",40.77898,-73.96925,42.7,2019-12-25,3.58,",,W",,,0.00,",,W,2400",0.0,",,W,2400",0.0,",,W,2400",,,47,",,W",32,",,W",,,220,",,W",230,",,W",8.9,",,W",14.1,",,W",,,,,,,,,,,,
"NY CITY CENTRAL PARK, NY US",40.77898,-73.96925,42.7,2019-12-26,5.82,",,W",,,0.00,",,W,2400",0.0,",,W,2400",0.0,",,W,2400",,,46,",,W",36,",,W",,,50,",,W",60,",,W",13.0,",,W",17.0,",,W",1,",,W",,,,,,,,,1,",,W"
"NY CITY CENTRAL PARK, NY US",40.77898,-73.96925,42.7,2019-12-27,4.47,",,W",,,0.00,",,W,2400",0.0,",,W,2400",0.0,",,W,2400",,,54,",,W",46,",,W",,,250,",,W",210,",,W",14.1,",,W",21.0,",,W",,,,,,,,,,,,
"NY CITY CENTRAL PARK, NY US",40.77898,-73.96925,42.7,2019-12-28,4.03,",,W",,,0.00,",,W,2400",0.0,",,W,2400",0.0,",,W,2400",,,51,",,W",43,",,W",,,300,",,W",290,",,W",10.1,",,W",18.1,",,W",1,",,W",,,,,,,,,1,",,W"
"NY CITY CENTRAL PARK, NY US",40.77898,-73.96925,42.7,2019-12-29,4.92,",,W",,,0.25,",,W,2400",0.0,",,W,2400",0.0,",,W,2400",,,44,",,W",39,",,W",,,90,",,W",80,",,W",10.1,",,W",13.0,",,W",1,",,W",,,,,,,,,,
"NY CITY CENTRAL PARK, NY US",40.77898,-73.96925,42.7,2019-12-30,12.75,",,W",,,0.74,",,W,2400",0.0,"T,,W,2400",0.0,",,W,2400",,,41,",,W",37,",,W",,,70,",,W",60,",,W",25.1,",,W",38.9,",,W",1,",,W",,,,,,,,,,
"NY CITY CENTRAL PARK, NY US",40.77898,-73.96925,42.7,2019-12-31,5.14,",,W",,,0.02,",,W,2400",0.0,",,W,2400",0.0,",,W,2400",,,45,",,W",36,",,W",,,40,",,W",30,",,W",16.1,",,W",23.9,",,W",1,",,W",,,,,,,,,,
